well_id,depth_tvd,gamma_ray,resistivity,sonic,density,formation
OIL-BAGHJAN-1,1400,75.32488895141476,0.66,110.2,2.4,Tipam
OIL-BAGHJAN-1,1410,81.15239840565022,0.658,110.0,2.4019999999999997,Tipam
OIL-BAGHJAN-1,1420,86.68897910975271,0.656,109.8,2.404,Tipam
OIL-BAGHJAN-1,1430,92.17152311045737,0.654,109.60000000000001,2.4059999999999997,Tipam
OIL-BAGHJAN-1,1440,93.52198682148087,0.652,109.4,2.408,Tipam
OIL-BAGHJAN-1,1450,94.48211154036838,0.65,109.2,2.4099999999999997,Tipam
OIL-BAGHJAN-1,1460,98.01354709218623,0.648,109.0,2.412,Tipam
OIL-BAGHJAN-1,1470,102.40234029609337,0.646,108.8,2.4139999999999997,Tipam
OIL-BAGHJAN-1,1480,104.07299164511849,0.644,108.60000000000001,2.416,Tipam
OIL-BAGHJAN-1,1490,100.13353071085953,0.642,108.4,2.4179999999999997,Tipam
OIL-BAGHJAN-1,1500,95.50449873144922,0.64,108.2,2.42,Barail
OIL-BAGHJAN-1,1510,97.60236794606037,0.638,108.0,2.4219999999999997,Barail
OIL-BAGHJAN-1,1520,96.1387639675934,0.636,107.8,2.424,Barail
OIL-BAGHJAN-1,1530,94.52735029695893,0.634,107.60000000000001,2.4259999999999997,Barail
OIL-BAGHJAN-1,1540,90.13704027182827,0.632,107.4,2.428,Barail
OIL-BAGHJAN-1,1550,86.0356223518443,0.63,107.2,2.4299999999999997,Barail
OIL-BAGHJAN-1,1560,85.74024709366539,0.628,107.0,2.432,Barail
OIL-BAGHJAN-1,1570,83.9264146702401,0.626,106.8,2.4339999999999997,Barail
OIL-BAGHJAN-1,1580,83.77554555241676,0.624,106.60000000000001,2.436,Barail
OIL-BAGHJAN-1,1590,88.48497624545382,0.622,106.4,2.4379999999999997,Barail
OIL-BAGHJAN-1,1600,83.84492136473601,0.62,106.2,2.44,Barail
OIL-BAGHJAN-1,1610,87.64154200491102,0.618,106.0,2.4419999999999997,Barail
OIL-BAGHJAN-1,1620,87.37128856613097,0.616,105.8,2.444,Barail
OIL-BAGHJAN-1,1630,91.12056527296757,0.614,105.60000000000001,2.4459999999999997,Barail
OIL-BAGHJAN-1,1640,95.88857144514918,0.612,105.4,2.448,Barail
OIL-BAGHJAN-1,1650,96.59926774276202,0.61,105.2,2.4499999999999997,Barail
OIL-BAGHJAN-1,1660,104.97441417362457,0.608,105.0,2.452,Barail
OIL-BAGHJAN-1,1670,106.5852439650207,0.606,104.8,2.4539999999999997,Barail
OIL-BAGHJAN-1,1680,108.41230152194454,0.604,104.60000000000001,2.456,Barail
OIL-BAGHJAN-1,1690,108.28465234591012,0.602,104.4,2.4579999999999997,Barail
OIL-BAGHJAN-1,1700,110.40418203528122,0.6000000000000001,104.2,2.46,Barail
OIL-BAGHJAN-1,1710,110.21415676977556,0.5980000000000001,104.0,2.4619999999999997,Barail
OIL-BAGHJAN-1,1720,110.53931800929294,0.5960000000000001,103.8,2.464,Barail
OIL-BAGHJAN-1,1730,110.78064401633748,0.5940000000000001,103.60000000000001,2.4659999999999997,Barail
OIL-BAGHJAN-1,1740,109.89532603143152,0.5920000000000001,103.4,2.468,Barail
OIL-BAGHJAN-1,1750,101.26494378554932,0.5900000000000001,103.2,2.4699999999999998,Barail
OIL-BAGHJAN-1,1760,94.0869642202176,0.5880000000000001,103.0,2.472,Barail
OIL-BAGHJAN-1,1770,90.08279872494892,0.5860000000000001,102.8,2.4739999999999998,Barail
OIL-BAGHJAN-1,1780,93.758813450331,0.5840000000000001,102.60000000000001,2.476,Barail
OIL-BAGHJAN-1,1790,82.41235764249187,0.5820000000000001,102.4,2.4779999999999998,Barail
OIL-BAGHJAN-1,1800,79.06576960236553,0.5800000000000001,102.2,2.48,Barail
OIL-BAGHJAN-1,1810,73.01695345196605,0.5780000000000001,102.0,2.4819999999999998,Barail
OIL-BAGHJAN-1,1820,70.91966652201602,0.5760000000000001,101.8,2.484,Barail
OIL-BAGHJAN-1,1830,66.34011765297774,0.5740000000000001,101.60000000000001,2.4859999999999998,Barail
OIL-BAGHJAN-1,1840,65.32514610374707,0.5720000000000001,101.4,2.488,Barail
OIL-BAGHJAN-1,1850,58.77145076890046,0.5700000000000001,101.2,2.4899999999999998,Barail
OIL-BAGHJAN-1,1860,67.36318685762728,0.5680000000000001,101.0,2.492,Barail
OIL-BAGHJAN-1,1870,63.91130610402304,0.5660000000000001,100.8,2.4939999999999998,Barail
OIL-BAGHJAN-1,1880,64.11679753059198,0.5640000000000001,100.6,2.496,Barail
OIL-BAGHJAN-1,1890,65.82302583162797,0.562,100.4,2.4979999999999998,Barail
OIL-BAGHJAN-1,1900,69.42024719230008,0.56,100.2,2.5,Barail
OIL-BAGHJAN-1,1910,72.82929850048365,0.558,100.0,2.502,Barail
OIL-BAGHJAN-1,1920,74.44707981062675,0.556,99.8,2.504,Barail
OIL-BAGHJAN-1,1930,73.87518609035065,0.554,99.6,2.506,Barail
OIL-BAGHJAN-1,1940,78.48084403803294,0.552,99.4,2.508,Barail
OIL-BAGHJAN-1,1950,74.39667799691438,0.55,99.2,2.51,Barail
OIL-BAGHJAN-1,1960,77.22596838997643,0.548,99.0,2.512,Barail
OIL-BAGHJAN-1,1970,73.90282289715658,0.546,98.8,2.514,Barail
OIL-BAGHJAN-1,1980,74.84921548483491,0.544,98.6,2.516,Barail
OIL-BAGHJAN-1,1990,70.85696887494846,0.542,98.4,2.518,Barail
OIL-BAGHJAN-1,2000,62.152433274206146,0.54,98.2,2.52,Barail
OIL-BAGHJAN-1,2010,61.94317094214984,0.538,98.0,2.522,Barail
OIL-BAGHJAN-1,2020,58.046539552745465,0.536,97.8,2.524,Barail
OIL-BAGHJAN-1,2030,50.407403757469716,0.534,97.6,2.526,Barail
OIL-BAGHJAN-1,2040,50.2524159882597,0.532,97.4,2.528,Barail
OIL-BAGHJAN-1,2050,42.80584576345361,0.53,97.2,2.53,Barail
OIL-BAGHJAN-1,2060,43.31640388767229,0.528,97.0,2.532,Barail
OIL-BAGHJAN-1,2070,39.80469500352203,0.526,96.8,2.534,Barail
OIL-BAGHJAN-1,2080,36.25536297292874,0.524,96.6,2.536,Barail
OIL-BAGHJAN-1,2090,33.276897108366,0.522,96.4,2.538,Barail
OIL-BAGHJAN-1,2100,33.907377017494674,0.52,96.2,2.54,Barail
OIL-BAGHJAN-1,2110,38.26820153646666,0.518,96.0,2.542,Barail
OIL-BAGHJAN-1,2120,34.9109050115951,0.516,95.8,2.544,Barail
OIL-BAGHJAN-1,2130,42.03344892859896,0.514,95.6,2.546,Barail
OIL-BAGHJAN-1,2140,45.008118982118496,0.512,95.4,2.548,Barail
OIL-BAGHJAN-1,2150,48.32288836228525,0.51,95.2,2.55,Barail
OIL-BAGHJAN-1,2160,53.17542213711339,0.508,95.0,2.552,Barail
OIL-BAGHJAN-1,2170,58.17036929601777,0.506,94.8,2.554,Barail
OIL-BAGHJAN-1,2180,59.91555988533154,0.504,94.6,2.556,Barail
OIL-BAGHJAN-1,2190,62.49016480516283,0.502,94.4,2.558,Barail
OIL-BAGHJAN-1,2200,69.17625672595499,0.5,94.2,2.56,Barail
OIL-BAGHJAN-1,2210,69.94901123000429,0.498,94.0,2.562,Barail
OIL-BAGHJAN-1,2220,74.63854154682947,0.496,93.8,2.564,Barail
OIL-BAGHJAN-1,2230,70.63114811486011,0.494,93.6,2.566,Barail
OIL-BAGHJAN-1,2240,72.53973635201464,0.492,93.4,2.568,Barail
OIL-BAGHJAN-1,2250,68.93332752732962,0.49,93.2,2.57,Barail
OIL-BAGHJAN-1,2260,67.11391483767554,0.488,93.0,2.572,Barail
OIL-BAGHJAN-1,2270,66.56489168588756,0.486,92.8,2.574,Barail
OIL-BAGHJAN-1,2280,61.72574685729336,0.48400000000000004,92.6,2.576,Barail
OIL-BAGHJAN-1,2290,60.69043070570486,0.48200000000000004,92.4,2.578,Barail
OIL-BAGHJAN-1,2300,60.91302032897255,0.48000000000000004,92.2,2.58,Barail
OIL-BAGHJAN-1,2310,57.339295989981565,0.47800000000000004,92.0,2.582,Barail
OIL-BAGHJAN-1,2320,59.31932591671164,0.47600000000000003,91.8,2.584,Barail
OIL-BAGHJAN-1,2330,55.811720104359935,0.47400000000000003,91.6,2.586,Barail
OIL-BAGHJAN-1,2340,58.27321622591423,0.47200000000000003,91.4,2.588,Barail
OIL-BAGHJAN-1,2350,59.66270270362815,0.47000000000000003,91.2,2.59,Barail
OIL-BAGHJAN-1,2360,65.45859247781301,0.468,91.0,2.592,Barail
OIL-BAGHJAN-1,2370,71.43061252715604,0.466,90.8,2.594,Barail
OIL-BAGHJAN-1,2380,70.89452321768972,0.464,90.6,2.596,Barail
OIL-BAGHJAN-1,2390,78.02032426013048,0.462,90.4,2.598,Barail
OIL-BAGHJAN-1,2400,86.11902281548332,0.46,90.2,2.6,Barail
OIL-BAGHJAN-1,2410,86.83642239680238,0.458,90.0,2.602,Barail
OIL-BAGHJAN-1,2420,88.1852227332563,0.456,89.8,2.604,Barail
OIL-BAGHJAN-1,2430,93.6091849198099,0.454,89.6,2.606,Barail
OIL-BAGHJAN-1,2440,105.53557663026918,0.452,89.4,2.608,Barail
OIL-BAGHJAN-1,2450,101.58556573860434,0.45000000000000007,89.2,2.61,Barail
OIL-BAGHJAN-1,2460,108.8719016839169,0.44800000000000006,89.0,2.612,Barail
OIL-BAGHJAN-1,2470,109.86670331089061,0.44600000000000006,88.8,2.614,Barail
OIL-BAGHJAN-1,2480,113.65582497254191,0.44400000000000006,88.6,2.616,Barail
OIL-BAGHJAN-1,2490,112.00707282099322,0.44200000000000006,88.4,2.618,Barail
OIL-BAGHJAN-1,2500,104.49453064745573,0.44000000000000006,88.2,2.62,Kopili
OIL-BAGHJAN-1,2510,103.12086211147687,0.43800000000000006,88.0,2.622,Kopili
OIL-BAGHJAN-1,2520,105.76855278332128,0.43600000000000005,87.8,2.624,Kopili
OIL-BAGHJAN-1,2530,100.26968788191853,0.43400000000000005,87.6,2.626,Kopili
OIL-BAGHJAN-1,2540,97.66887735746147,0.43200000000000005,87.4,2.628,Kopili
OIL-BAGHJAN-1,2550,92.48803645363117,0.43000000000000005,87.2,2.63,Kopili
OIL-BAGHJAN-1,2560,94.76925595456856,0.42800000000000005,87.0,2.632,Kopili
OIL-BAGHJAN-1,2570,89.11823053048829,0.42600000000000005,86.8,2.634,Kopili
OIL-BAGHJAN-1,2580,88.78081253737619,0.42400000000000004,86.6,2.636,Kopili
OIL-BAGHJAN-1,2590,85.47750136269673,0.42200000000000004,86.4,2.638,Kopili
OIL-BAGHJAN-1,2600,82.61843689515267,0.42000000000000004,86.2,2.6399999999999997,Kopili
OIL-BAGHJAN-1,2610,85.64208416182042,0.41800000000000004,86.0,2.642,Kopili
OIL-BAGHJAN-1,2620,86.66135646907821,0.41600000000000004,85.8,2.644,Kopili
OIL-BAGHJAN-1,2630,88.30123616150453,0.41400000000000003,85.6,2.646,Kopili
OIL-BAGHJAN-1,2640,94.49490458504297,0.41200000000000003,85.4,2.6479999999999997,Kopili
OIL-BAGHJAN-1,2650,95.35574908613403,0.41000000000000003,85.2,2.65,Kopili
OIL-BAGHJAN-1,2660,101.26789756768869,0.40800000000000003,85.0,2.652,Kopili
OIL-BAGHJAN-1,2670,102.36312537836618,0.406,84.8,2.654,Kopili
OIL-BAGHJAN-1,2680,104.00659065363845,0.404,84.6,2.6559999999999997,Kopili
OIL-BAGHJAN-1,2690,106.86015315886866,0.402,84.4,2.658,Kopili
OIL-BAGHJAN-1,2700,106.84832009960053,0.4,84.2,2.66,Kopili
OIL-BAGHJAN-1,2710,107.11563960669244,0.398,84.0,2.662,Kopili
OIL-BAGHJAN-1,2720,103.99046207764054,0.396,83.8,2.6639999999999997,Kopili
OIL-BAGHJAN-1,2730,100.56004781293404,0.394,83.6,2.666,Kopili
OIL-BAGHJAN-1,2740,97.1098815662202,0.392,83.4,2.668,Kopili
OIL-BAGHJAN-1,2750,98.74562875587881,0.39,83.2,2.67,Kopili
OIL-BAGHJAN-1,2760,91.73241186028983,0.388,83.0,2.6719999999999997,Kopili
OIL-BAGHJAN-1,2770,85.96357739959478,0.386,82.8,2.674,Kopili
OIL-BAGHJAN-1,2780,81.36874082176641,0.384,82.6,2.676,Kopili
OIL-BAGHJAN-1,2790,80.20860405738972,0.382,82.4,2.678,Kopili
OIL-BAGHJAN-1,2800,74.54078970277884,0.38,82.2,2.6799999999999997,Kopili
OIL-BAGHJAN-1,2810,69.74640443409992,0.378,82.0,2.682,Kopili
OIL-BAGHJAN-1,2820,60.57041427704287,0.376,81.8,2.684,Kopili
OIL-BAGHJAN-1,2830,58.71386251066771,0.374,81.6,2.686,Kopili
OIL-BAGHJAN-1,2840,57.38942443576714,0.372,81.4,2.6879999999999997,Kopili
OIL-BAGHJAN-1,2850,52.232001500492736,0.37000000000000005,81.2,2.69,Kopili
OIL-BAGHJAN-1,2860,54.234083719047526,0.36800000000000005,81.0,2.6919999999999997,Kopili
OIL-BAGHJAN-1,2870,48.89460044265913,0.36600000000000005,80.8,2.694,Kopili
OIL-BAGHJAN-1,2880,54.00973402238448,0.36400000000000005,80.6,2.6959999999999997,Kopili
OIL-BAGHJAN-1,2890,53.832523916484845,0.36200000000000004,80.4,2.698,Kopili
OIL-NAHARKATIYA-1,1567,74.83315664310098,0.66,110.2,2.4,Barail
OIL-NAHARKATIYA-1,1577,81.08432357171563,0.658,110.0,2.4019999999999997,Barail
OIL-NAHARKATIYA-1,1587,83.40618883276471,0.656,109.8,2.404,Barail
OIL-NAHARKATIYA-1,1597,89.75168684158396,0.654,109.60000000000001,2.4059999999999997,Barail
OIL-NAHARKATIYA-1,1607,96.54807358695221,0.652,109.4,2.408,Barail
OIL-NAHARKATIYA-1,1617,99.78840312085178,0.65,109.2,2.4099999999999997,Barail
OIL-NAHARKATIYA-1,1627,102.68729159045589,0.648,109.0,2.412,Barail
OIL-NAHARKATIYA-1,1637,103.25283676401855,0.646,108.8,2.4139999999999997,Barail
OIL-NAHARKATIYA-1,1647,102.04057883250043,0.644,108.60000000000001,2.416,Barail
OIL-NAHARKATIYA-1,1657,98.64059783414197,0.642,108.4,2.4179999999999997,Barail
OIL-NAHARKATIYA-1,1667,99.0481948174498,0.64,108.2,2.42,Barail
OIL-NAHARKATIYA-1,1677,100.71205034933095,0.638,108.0,2.4219999999999997,Barail
OIL-NAHARKATIYA-1,1687,95.33178168212463,0.636,107.8,2.424,Barail
OIL-NAHARKATIYA-1,1697,90.38486027130097,0.634,107.60000000000001,2.4259999999999997,Barail
OIL-NAHARKATIYA-1,1707,90.63264132326397,0.632,107.4,2.428,Barail
OIL-NAHARKATIYA-1,1717,86.32735775787724,0.63,107.2,2.4299999999999997,Barail
OIL-NAHARKATIYA-1,1727,85.53440684575615,0.628,107.0,2.432,Barail
OIL-NAHARKATIYA-1,1737,84.14957846118968,0.626,106.8,2.4339999999999997,Barail
OIL-NAHARKATIYA-1,1747,82.5714293240964,0.624,106.60000000000001,2.436,Barail
OIL-NAHARKATIYA-1,1757,86.26385562806934,0.622,106.4,2.4379999999999997,Barail
OIL-NAHARKATIYA-1,1767,82.86769093690548,0.62,106.2,2.44,Barail
OIL-NAHARKATIYA-1,1777,87.8110034321809,0.618,106.0,2.4419999999999997,Barail
OIL-NAHARKATIYA-1,1787,86.77286050962267,0.616,105.8,2.444,Barail
OIL-NAHARKATIYA-1,1797,90.34343838408756,0.614,105.60000000000001,2.4459999999999997,Barail
OIL-NAHARKATIYA-1,1807,97.5253020249028,0.612,105.4,2.448,Barail
OIL-NAHARKATIYA-1,1817,104.71634018054336,0.61,105.2,2.4499999999999997,Barail
OIL-NAHARKATIYA-1,1827,102.61349897252171,0.608,105.0,2.452,Barail
OIL-NAHARKATIYA-1,1837,103.57389131419941,0.606,104.8,2.4539999999999997,Barail
OIL-NAHARKATIYA-1,1847,110.95328304343842,0.604,104.60000000000001,2.456,Barail
OIL-NAHARKATIYA-1,1857,116.65209901761965,0.602,104.4,2.4579999999999997,Barail
OIL-NAHARKATIYA-1,1867,109.27800785250157,0.6000000000000001,104.2,2.46,Barail
OIL-NAHARKATIYA-1,1877,112.14251363494645,0.5980000000000001,104.0,2.4619999999999997,Barail
OIL-NAHARKATIYA-1,1887,112.38135923987122,0.5960000000000001,103.8,2.464,Barail
OIL-NAHARKATIYA-1,1897,110.42154336139434,0.5940000000000001,103.60000000000001,2.4659999999999997,Barail
OIL-NAHARKATIYA-1,1907,105.30608412123922,0.5920000000000001,103.4,2.468,Barail
OIL-NAHARKATIYA-1,1917,102.62574683607114,0.5900000000000001,103.2,2.4699999999999998,Barail
OIL-NAHARKATIYA-1,1927,98.48180255057748,0.5880000000000001,103.0,2.472,Barail
OIL-NAHARKATIYA-1,1937,93.71642718080648,0.5860000000000001,102.8,2.4739999999999998,Barail
OIL-NAHARKATIYA-1,1947,91.48017455406975,0.5840000000000001,102.60000000000001,2.476,Barail
OIL-NAHARKATIYA-1,1957,83.62277607802591,0.5820000000000001,102.4,2.4779999999999998,Barail
OIL-NAHARKATIYA-1,1967,80.88074903152796,0.5800000000000001,102.2,2.48,Barail
OIL-NAHARKATIYA-1,1977,73.03645876519262,0.5780000000000001,102.0,2.4819999999999998,Barail
OIL-NAHARKATIYA-1,1987,72.14986323083868,0.5760000000000001,101.8,2.484,Barail
OIL-NAHARKATIYA-1,1997,67.9797200078433,0.5740000000000001,101.60000000000001,2.4859999999999998,Barail
OIL-NAHARKATIYA-1,2007,64.5031830518365,0.5720000000000001,101.4,2.488,Barail
OIL-NAHARKATIYA-1,2017,60.5118441504683,0.5700000000000001,101.2,2.4899999999999998,Barail
OIL-NAHARKATIYA-1,2027,64.63331130634374,0.5680000000000001,101.0,2.492,Barail
OIL-NAHARKATIYA-1,2037,63.45751104545005,0.5660000000000001,100.8,2.4939999999999998,Barail
OIL-NAHARKATIYA-1,2047,65.71436488281152,0.5640000000000001,100.6,2.496,Barail
OIL-NAHARKATIYA-1,2057,65.29233178239679,0.562,100.4,2.4979999999999998,Barail
OIL-NAHARKATIYA-1,2067,70.47999659516492,0.56,100.2,2.5,Barail
OIL-NAHARKATIYA-1,2077,70.78329716418676,0.558,100.0,2.502,Barail
OIL-NAHARKATIYA-1,2087,69.84212999199757,0.556,99.8,2.504,Barail
OIL-NAHARKATIYA-1,2097,75.21910273361704,0.554,99.6,2.506,Barail
OIL-NAHARKATIYA-1,2107,75.57556355953884,0.552,99.4,2.508,Barail
OIL-NAHARKATIYA-1,2117,79.40498425502925,0.55,99.2,2.51,Barail
OIL-NAHARKATIYA-1,2127,74.14651440181821,0.548,99.0,2.512,Barail
OIL-NAHARKATIYA-1,2137,77.4517663413626,0.546,98.8,2.514,Barail
OIL-NAHARKATIYA-1,2147,72.712961353437,0.544,98.6,2.516,Barail
OIL-NAHARKATIYA-1,2157,67.19532653856824,0.542,98.4,2.518,Barail
OIL-NAHARKATIYA-1,2167,68.54695624354063,0.54,98.2,2.52,Barail
OIL-NAHARKATIYA-1,2177,60.924512359031226,0.538,98.0,2.522,Barail
OIL-NAHARKATIYA-1,2187,55.96577679053502,0.536,97.8,2.524,Barail
OIL-NAHARKATIYA-1,2197,50.97213340962387,0.534,97.6,2.526,Barail
OIL-NAHARKATIYA-1,2207,49.38758439378971,0.532,97.4,2.528,Barail
OIL-NAHARKATIYA-1,2217,47.46478876953173,0.53,97.2,2.53,Barail
OIL-NAHARKATIYA-1,2227,42.28974996997394,0.528,97.0,2.532,Barail
OIL-NAHARKATIYA-1,2237,38.719087682516154,0.526,96.8,2.534,Barail
OIL-NAHARKATIYA-1,2247,38.22171477618288,0.524,96.6,2.536,Barail
OIL-NAHARKATIYA-1,2257,33.655523060316625,0.522,96.4,2.538,Barail
OIL-NAHARKATIYA-1,2267,37.595279757329884,0.52,96.2,2.54,Barail
OIL-NAHARKATIYA-1,2277,36.48418949852907,0.518,96.0,2.542,Barail
OIL-NAHARKATIYA-1,2287,39.38790390285194,0.516,95.8,2.544,Barail
OIL-NAHARKATIYA-1,2297,43.87956509872283,0.514,95.6,2.546,Barail
OIL-NAHARKATIYA-1,2307,41.09387082083113,0.512,95.4,2.548,Barail
OIL-NAHARKATIYA-1,2317,48.91248024290954,0.51,95.2,2.55,Barail
OIL-NAHARKATIYA-1,2327,56.18727147803553,0.508,95.0,2.552,Barail
OIL-NAHARKATIYA-1,2337,62.096088756889706,0.506,94.8,2.554,Barail
OIL-NAHARKATIYA-1,2347,63.434361884959486,0.504,94.6,2.556,Barail
OIL-NAHARKATIYA-1,2357,63.69959082199483,0.502,94.4,2.558,Barail
OIL-NAHARKATIYA-1,2367,67.14094006991364,0.5,94.2,2.56,Barail
OIL-NAHARKATIYA-1,2377,74.1985297317753,0.498,94.0,2.562,Barail
OIL-NAHARKATIYA-1,2387,71.99047615306807,0.496,93.8,2.564,Barail
OIL-NAHARKATIYA-1,2397,76.18634287146116,0.494,93.6,2.566,Barail
OIL-NAHARKATIYA-1,2407,71.18111592494394,0.492,93.4,2.568,Barail
OIL-NAHARKATIYA-1,2417,72.64745387923011,0.49,93.2,2.57,Barail
OIL-NAHARKATIYA-1,2427,65.62901085061787,0.488,93.0,2.572,Barail
OIL-NAHARKATIYA-1,2437,67.72435783591453,0.486,92.8,2.574,Barail
OIL-NAHARKATIYA-1,2447,64.01009986328717,0.48400000000000004,92.6,2.576,Barail
OIL-NAHARKATIYA-1,2457,63.3256684623215,0.48200000000000004,92.4,2.578,Barail
OIL-NAHARKATIYA-1,2467,63.82478803740238,0.48000000000000004,92.2,2.58,Barail
OIL-NAHARKATIYA-1,2477,58.919751164463996,0.47800000000000004,92.0,2.582,Barail
OIL-NAHARKATIYA-1,2487,59.04433357564664,0.47600000000000003,91.8,2.584,Barail
OIL-NAHARKATIYA-1,2497,61.26618439968747,0.47400000000000003,91.6,2.586,Barail
OIL-NAHARKATIYA-1,2507,60.226699669248255,0.47200000000000003,91.4,2.588,Kopili
OIL-NAHARKATIYA-1,2517,63.33684616165509,0.47000000000000003,91.2,2.59,Kopili
OIL-NAHARKATIYA-1,2527,66.81606788185137,0.468,91.0,2.592,Kopili
OIL-NAHARKATIYA-1,2537,64.55015662480872,0.466,90.8,2.594,Kopili
OIL-NAHARKATIYA-1,2547,73.9313298320931,0.464,90.6,2.596,Kopili
OIL-NAHARKATIYA-1,2557,77.44992806673311,0.462,90.4,2.598,Kopili
OIL-NAHARKATIYA-1,2567,83.4591790144931,0.46,90.2,2.6,Kopili
OIL-NAHARKATIYA-1,2577,88.55250213380235,0.458,90.0,2.602,Kopili
OIL-NAHARKATIYA-1,2587,90.64451580526463,0.456,89.8,2.604,Kopili
OIL-NAHARKATIYA-1,2597,96.00515655567251,0.454,89.6,2.606,Kopili
OIL-NAHARKATIYA-1,2607,96.97493809256783,0.452,89.4,2.608,Kopili
OIL-NAHARKATIYA-1,2617,106.99600322172194,0.45000000000000007,89.2,2.61,Kopili
OIL-NAHARKATIYA-1,2627,105.69128260765203,0.44800000000000006,89.0,2.612,Kopili
OIL-NAHARKATIYA-1,2637,108.05713750474023,0.44600000000000006,88.8,2.614,Kopili
OIL-NAHARKATIYA-1,2647,108.31002260915223,0.44400000000000006,88.6,2.616,Kopili
OIL-NAHARKATIYA-1,2657,111.63986779341587,0.44200000000000006,88.4,2.618,Kopili
OIL-NAHARKATIYA-1,2667,108.46492700275718,0.44000000000000006,88.2,2.62,Kopili
OIL-NAHARKATIYA-1,2677,103.98034452580399,0.43800000000000006,88.0,2.622,Kopili
OIL-NAHARKATIYA-1,2687,100.4892787669534,0.43600000000000005,87.8,2.624,Kopili
OIL-NAHARKATIYA-1,2697,97.08943447164272,0.43400000000000005,87.6,2.626,Kopili
OIL-NAHARKATIYA-1,2707,97.68933980840931,0.43200000000000005,87.4,2.628,Kopili
OIL-NAHARKATIYA-1,2717,92.13536542359353,0.43000000000000005,87.2,2.63,Kopili
OIL-NAHARKATIYA-1,2727,90.25152127043744,0.42800000000000005,87.0,2.632,Kopili
OIL-NAHARKATIYA-1,2737,88.54500119133161,0.42600000000000005,86.8,2.634,Kopili
OIL-NAHARKATIYA-1,2747,89.0167696944759,0.42400000000000004,86.6,2.636,Kopili
OIL-NAHARKATIYA-1,2757,85.05998621388724,0.42200000000000004,86.4,2.638,Kopili
OIL-NAHARKATIYA-1,2767,85.04384088981124,0.42000000000000004,86.2,2.6399999999999997,Kopili
OIL-NAHARKATIYA-1,2777,83.48689680323982,0.41800000000000004,86.0,2.642,Kopili
OIL-NAHARKATIYA-1,2787,83.44836749686337,0.41600000000000004,85.8,2.644,Kopili
OIL-NAHARKATIYA-1,2797,87.71834882921128,0.41400000000000003,85.6,2.646,Kopili
OIL-NAHARKATIYA-1,2807,91.5068947490356,0.41200000000000003,85.4,2.6479999999999997,Kopili
OIL-NAHARKATIYA-1,2817,96.14436571104731,0.41000000000000003,85.2,2.65,Kopili
OIL-NAHARKATIYA-1,2827,93.48435582578335,0.40800000000000003,85.0,2.652,Kopili
OIL-NAHARKATIYA-1,2837,100.1405319001495,0.406,84.8,2.654,Kopili
OIL-NAHARKATIYA-1,2847,100.70442886974956,0.404,84.6,2.6559999999999997,Kopili
OIL-NAHARKATIYA-1,2857,103.98073489947085,0.402,84.4,2.658,Kopili
OIL-NAHARKATIYA-1,2867,102.73124712569914,0.4,84.2,2.66,Kopili
OIL-NAHARKATIYA-1,2877,106.01948398649562,0.398,84.0,2.662,Kopili
OIL-NAHARKATIYA-1,2887,105.1499644948485,0.396,83.8,2.6639999999999997,Kopili
OIL-NAHARKATIYA-1,2897,103.79530955671163,0.394,83.6,2.666,Kopili
OIL-NAHARKATIYA-1,2907,97.87156043230212,0.392,83.4,2.668,Kopili
OIL-NAHARKATIYA-1,2917,93.07112721847788,0.39,83.2,2.67,Kopili
OIL-NAHARKATIYA-1,2927,91.17025960368294,0.388,83.0,2.6719999999999997,Kopili
OIL-NAHARKATIYA-1,2937,85.03876590927943,0.386,82.8,2.674,Kopili
OIL-NAHARKATIYA-1,2947,81.62301143148365,0.384,82.6,2.676,Kopili
OIL-NAHARKATIYA-1,2957,73.74626088590291,0.382,82.4,2.678,Kopili
OIL-NAHARKATIYA-1,2967,70.74892107890804,0.38,82.2,2.6799999999999997,Kopili
OIL-NAHARKATIYA-1,2977,65.93272116933939,0.378,82.0,2.682,Kopili
OIL-NAHARKATIYA-1,2987,63.23997199589014,0.376,81.8,2.684,Kopili
OIL-NAHARKATIYA-1,2997,57.60736154280208,0.374,81.6,2.686,Kopili
OIL-NAHARKATIYA-1,3007,56.65470289960002,0.372,81.4,2.6879999999999997,Kopili
OIL-NAHARKATIYA-1,3017,53.30236815938343,0.37000000000000005,81.2,2.69,Kopili
OIL-NAHARKATIYA-1,3027,54.55902505157064,0.36800000000000005,81.0,2.6919999999999997,Kopili
OIL-NAHARKATIYA-1,3037,54.25181372077414,0.36600000000000005,80.8,2.694,Kopili
OIL-NAHARKATIYA-1,3047,53.33878597109463,0.36400000000000005,80.6,2.6959999999999997,Kopili
OIL-NAHARKATIYA-1,3057,60.51618814392372,0.36200000000000004,80.4,2.698,Kopili
OIL-MORAN-1,1706,79.23827893803215,0.66,110.2,2.4,Barail
OIL-MORAN-1,1716,80.4370080510999,0.658,110.0,2.4019999999999997,Barail
OIL-MORAN-1,1726,83.72490731180683,0.656,109.8,2.404,Barail
OIL-MORAN-1,1736,86.7383619934968,0.654,109.60000000000001,2.4059999999999997,Barail
OIL-MORAN-1,1746,94.96750232924285,0.652,109.4,2.408,Barail
OIL-MORAN-1,1756,92.68522824334933,0.65,109.2,2.4099999999999997,Barail
OIL-MORAN-1,1766,95.55432984822488,0.648,109.0,2.412,Barail
OIL-MORAN-1,1776,99.28050480227368,0.646,108.8,2.4139999999999997,Barail
OIL-MORAN-1,1786,99.74755652525808,0.644,108.60000000000001,2.416,Barail
OIL-MORAN-1,1796,104.09002284978627,0.642,108.4,2.4179999999999997,Barail
OIL-MORAN-1,1806,99.77056813413168,0.64,108.2,2.42,Barail
OIL-MORAN-1,1816,95.09134713101595,0.638,108.0,2.4219999999999997,Barail
OIL-MORAN-1,1826,96.82225506912023,0.636,107.8,2.424,Barail
OIL-MORAN-1,1836,88.60667378488496,0.634,107.60000000000001,2.4259999999999997,Barail
OIL-MORAN-1,1846,89.43652146438892,0.632,107.4,2.428,Barail
OIL-MORAN-1,1856,86.31016775200995,0.63,107.2,2.4299999999999997,Barail
OIL-MORAN-1,1866,85.15431258749214,0.628,107.0,2.432,Barail
OIL-MORAN-1,1876,84.59420601632796,0.626,106.8,2.4339999999999997,Barail
OIL-MORAN-1,1886,86.29563588065902,0.624,106.60000000000001,2.436,Barail
OIL-MORAN-1,1896,87.29797081320383,0.622,106.4,2.4379999999999997,Barail
OIL-MORAN-1,1906,83.64526419804525,0.62,106.2,2.44,Barail
OIL-MORAN-1,1916,84.91814183285932,0.618,106.0,2.4419999999999997,Barail
OIL-MORAN-1,1926,90.84593920587237,0.616,105.8,2.444,Barail
OIL-MORAN-1,1936,92.53203442126399,0.614,105.60000000000001,2.4459999999999997,Barail
OIL-MORAN-1,1946,97.87565801206856,0.612,105.4,2.448,Barail
OIL-MORAN-1,1956,103.61413792936783,0.61,105.2,2.4499999999999997,Barail
OIL-MORAN-1,1966,105.1690458313639,0.608,105.0,2.452,Barail
OIL-MORAN-1,1976,105.12675531027874,0.606,104.8,2.4539999999999997,Barail
OIL-MORAN-1,1986,109.47763079137094,0.604,104.60000000000001,2.456,Barail
OIL-MORAN-1,1996,111.50944216339352,0.602,104.4,2.4579999999999997,Barail
OIL-MORAN-1,2006,111.80688273274879,0.6000000000000001,104.2,2.46,Barail
OIL-MORAN-1,2016,113.17126950019293,0.5980000000000001,104.0,2.4619999999999997,Barail
OIL-MORAN-1,2026,111.74200396536612,0.5960000000000001,103.8,2.464,Barail
OIL-MORAN-1,2036,110.51569411572346,0.5940000000000001,103.60000000000001,2.4659999999999997,Barail
OIL-MORAN-1,2046,107.77366112448642,0.5920000000000001,103.4,2.468,Barail
OIL-MORAN-1,2056,101.84851275957251,0.5900000000000001,103.2,2.4699999999999998,Barail
OIL-MORAN-1,2066,94.59654061155325,0.5880000000000001,103.0,2.472,Barail
OIL-MORAN-1,2076,90.60799463704626,0.5860000000000001,102.8,2.4739999999999998,Barail
OIL-MORAN-1,2086,86.53851214031228,0.5840000000000001,102.60000000000001,2.476,Barail
OIL-MORAN-1,2096,85.540144004336,0.5820000000000001,102.4,2.4779999999999998,Barail
OIL-MORAN-1,2106,79.40420050995512,0.5800000000000001,102.2,2.48,Barail
OIL-MORAN-1,2116,72.73190377123494,0.5780000000000001,102.0,2.4819999999999998,Barail
OIL-MORAN-1,2126,70.06270044120583,0.5760000000000001,101.8,2.484,Barail
OIL-MORAN-1,2136,63.72208190069874,0.5740000000000001,101.60000000000001,2.4859999999999998,Barail
OIL-MORAN-1,2146,66.95952766269103,0.5720000000000001,101.4,2.488,Barail
OIL-MORAN-1,2156,65.31222802058556,0.5700000000000001,101.2,2.4899999999999998,Barail
OIL-MORAN-1,2166,66.30363560175999,0.5680000000000001,101.0,2.492,Barail
OIL-MORAN-1,2176,63.60414389161473,0.5660000000000001,100.8,2.4939999999999998,Barail
OIL-MORAN-1,2186,63.40721244967839,0.5640000000000001,100.6,2.496,Barail
OIL-MORAN-1,2196,69.6626540902514,0.562,100.4,2.4979999999999998,Barail
OIL-MORAN-1,2206,67.08211761985254,0.56,100.2,2.5,Barail
OIL-MORAN-1,2216,72.34201224989754,0.558,100.0,2.502,Barail
OIL-MORAN-1,2226,72.30308365184978,0.556,99.8,2.504,Barail
OIL-MORAN-1,2236,76.5412297761762,0.554,99.6,2.506,Barail
OIL-MORAN-1,2246,75.5981032288897,0.552,99.4,2.508,Barail
OIL-MORAN-1,2256,78.1867132276039,0.55,99.2,2.51,Barail
OIL-MORAN-1,2266,75.6714570820758,0.548,99.0,2.512,Barail
OIL-MORAN-1,2276,72.5753253689483,0.546,98.8,2.514,Barail
OIL-MORAN-1,2286,70.88645751880146,0.544,98.6,2.516,Barail
OIL-MORAN-1,2296,70.35031206657108,0.542,98.4,2.518,Barail
OIL-MORAN-1,2306,67.88009489557494,0.54,98.2,2.52,Barail
OIL-MORAN-1,2316,57.13694557274004,0.538,98.0,2.522,Barail
OIL-MORAN-1,2326,60.15293617945763,0.536,97.8,2.524,Barail
OIL-MORAN-1,2336,52.54208795517477,0.534,97.6,2.526,Barail
OIL-MORAN-1,2346,51.00158545582894,0.532,97.4,2.528,Barail
OIL-MORAN-1,2356,46.316508849770045,0.53,97.2,2.53,Barail
OIL-MORAN-1,2366,39.55735116364658,0.528,97.0,2.532,Barail
OIL-MORAN-1,2376,37.6589130970969,0.526,96.8,2.534,Barail
OIL-MORAN-1,2386,36.41165939351971,0.524,96.6,2.536,Barail
OIL-MORAN-1,2396,32.25895776774636,0.522,96.4,2.538,Barail
OIL-MORAN-1,2406,34.29113131964862,0.52,96.2,2.54,Barail
OIL-MORAN-1,2416,37.36393379494329,0.518,96.0,2.542,Barail
OIL-MORAN-1,2426,38.003096827411376,0.516,95.8,2.544,Barail
OIL-MORAN-1,2436,42.509043624892115,0.514,95.6,2.546,Barail
OIL-MORAN-1,2446,46.4703469647172,0.512,95.4,2.548,Barail
OIL-MORAN-1,2456,51.98418304277871,0.51,95.2,2.55,Barail
OIL-MORAN-1,2466,52.756591303329024,0.508,95.0,2.552,Barail
OIL-MORAN-1,2476,58.68322415373623,0.506,94.8,2.554,Barail
OIL-MORAN-1,2486,62.97852718767768,0.504,94.6,2.556,Barail
OIL-MORAN-1,2496,66.06264545261392,0.502,94.4,2.558,Barail
OIL-MORAN-1,2506,67.3169081780979,0.5,94.2,2.56,Kopili
OIL-MORAN-1,2516,70.91378361896705,0.498,94.0,2.562,Kopili
OIL-MORAN-1,2526,68.94967181241753,0.496,93.8,2.564,Kopili
OIL-MORAN-1,2536,69.38826220224881,0.494,93.6,2.566,Kopili
OIL-MORAN-1,2546,70.32097265296088,0.492,93.4,2.568,Kopili
OIL-MORAN-1,2556,71.49365661063214,0.49,93.2,2.57,Kopili
OIL-MORAN-1,2566,65.20560467140531,0.488,93.0,2.572,Kopili
OIL-MORAN-1,2576,69.0158276521007,0.486,92.8,2.574,Kopili
OIL-MORAN-1,2586,68.34184881233932,0.48400000000000004,92.6,2.576,Kopili
OIL-MORAN-1,2596,62.422558470275746,0.48200000000000004,92.4,2.578,Kopili
OIL-MORAN-1,2606,61.314238608512156,0.48000000000000004,92.2,2.58,Kopili
OIL-MORAN-1,2616,58.872446649646626,0.47800000000000004,92.0,2.582,Kopili
OIL-MORAN-1,2626,59.28098374613306,0.47600000000000003,91.8,2.584,Kopili
OIL-MORAN-1,2636,58.852183513250004,0.47400000000000003,91.6,2.586,Kopili
OIL-MORAN-1,2646,61.35727556135847,0.47200000000000003,91.4,2.588,Kopili
OIL-MORAN-1,2656,62.59941283138348,0.47000000000000003,91.2,2.59,Kopili
OIL-MORAN-1,2666,66.60810086849189,0.468,91.0,2.592,Kopili
OIL-MORAN-1,2676,67.66463550131434,0.466,90.8,2.594,Kopili
OIL-MORAN-1,2686,76.57510234910086,0.464,90.6,2.596,Kopili
OIL-MORAN-1,2696,78.40666041509317,0.462,90.4,2.598,Kopili
OIL-MORAN-1,2706,83.7745704628099,0.46,90.2,2.6,Kopili
OIL-MORAN-1,2716,86.5966056496718,0.458,90.0,2.602,Kopili
OIL-MORAN-1,2726,93.51152286888265,0.456,89.8,2.604,Kopili
OIL-MORAN-1,2736,100.43393932657266,0.454,89.6,2.606,Kopili
OIL-MORAN-1,2746,99.57325954297642,0.452,89.4,2.608,Kopili
OIL-MORAN-1,2756,107.47417077440483,0.45000000000000007,89.2,2.61,Kopili
OIL-MORAN-1,2766,107.3490582740667,0.44800000000000006,89.0,2.612,Kopili
OIL-MORAN-1,2776,107.45073362207177,0.44600000000000006,88.8,2.614,Kopili
OIL-MORAN-1,2786,109.23659258051461,0.44400000000000006,88.6,2.616,Kopili
OIL-MORAN-1,2796,110.12964177736315,0.44200000000000006,88.4,2.618,Kopili
OIL-MORAN-1,2806,105.47918552782006,0.44000000000000006,88.2,2.62,Kopili
OIL-MORAN-1,2816,105.83332489299406,0.43800000000000006,88.0,2.622,Kopili
OIL-MORAN-1,2826,103.92147930314428,0.43600000000000005,87.8,2.624,Kopili
OIL-MORAN-1,2836,103.74047794652148,0.43400000000000005,87.6,2.626,Kopili
OIL-MORAN-1,2846,96.92683897198933,0.43200000000000005,87.4,2.628,Kopili
OIL-MORAN-1,2856,96.17261837492458,0.43000000000000005,87.2,2.63,Kopili
OIL-MORAN-1,2866,87.25883969348395,0.42800000000000005,87.0,2.632,Kopili
OIL-MORAN-1,2876,91.02885432422798,0.42600000000000005,86.8,2.634,Kopili
OIL-MORAN-1,2886,86.89291551092569,0.42400000000000004,86.6,2.636,Kopili
OIL-MORAN-1,2896,85.112664466429,0.42200000000000004,86.4,2.638,Kopili
OIL-MORAN-1,2906,81.7275936732298,0.42000000000000004,86.2,2.6399999999999997,Kopili
OIL-MORAN-1,2916,85.67920305022433,0.41800000000000004,86.0,2.642,Kopili
OIL-MORAN-1,2926,88.57153866999379,0.41600000000000004,85.8,2.644,Kopili
OIL-MORAN-1,2936,91.21144625229833,0.41400000000000003,85.6,2.646,Kopili
OIL-MORAN-1,2946,92.0729362446947,0.41200000000000003,85.4,2.6479999999999997,Kopili
OIL-MORAN-1,2956,92.58925635068555,0.41000000000000003,85.2,2.65,Kopili
OIL-MORAN-1,2966,99.16262500807726,0.40800000000000003,85.0,2.652,Kopili
OIL-MORAN-1,2976,99.71133214501604,0.406,84.8,2.654,Kopili
OIL-MORAN-1,2986,102.34418531275011,0.404,84.6,2.6559999999999997,Kopili
OIL-MORAN-1,2996,102.2062904665213,0.402,84.4,2.658,Kopili
OIL-MORAN-1,3006,105.7603592776696,0.4,84.2,2.66,Kopili
OIL-MORAN-1,3016,106.0458292270121,0.398,84.0,2.662,Kopili
OIL-MORAN-1,3026,106.35092538144309,0.396,83.8,2.6639999999999997,Kopili
OIL-MORAN-1,3036,106.67001894457604,0.394,83.6,2.666,Kopili
OIL-MORAN-1,3046,98.43137119586031,0.392,83.4,2.668,Kopili
OIL-MORAN-1,3056,96.65783065814537,0.39,83.2,2.67,Kopili
OIL-MORAN-1,3066,92.667955542615,0.388,83.0,2.6719999999999997,Kopili
OIL-MORAN-1,3076,85.86624431302204,0.386,82.8,2.674,Kopili
OIL-MORAN-1,3086,81.15716208178837,0.384,82.6,2.676,Kopili
OIL-MORAN-1,3096,76.05546616048468,0.382,82.4,2.678,Kopili
OIL-MORAN-1,3106,70.75537441574768,0.38,82.2,2.6799999999999997,Kopili
OIL-MORAN-1,3116,66.57859422888971,0.378,82.0,2.682,Kopili
OIL-MORAN-1,3126,64.06812824402328,0.376,81.8,2.684,Kopili
OIL-MORAN-1,3136,53.55664049722055,0.374,81.6,2.686,Kopili
OIL-MORAN-1,3146,56.905088990308386,0.372,81.4,2.6879999999999997,Kopili
OIL-MORAN-1,3156,56.465122691700444,0.37000000000000005,81.2,2.69,Kopili
OIL-MORAN-1,3166,56.71648000495344,0.36800000000000005,81.0,2.6919999999999997,Kopili
OIL-MORAN-1,3176,53.147020649979,0.36600000000000005,80.8,2.694,Kopili
OIL-MORAN-1,3186,53.51774574661986,0.36400000000000005,80.6,2.6959999999999997,Kopili
OIL-MORAN-1,3196,55.8914915251629,0.36200000000000004,80.4,2.698,Kopili
OIL-DIKOM-1,1849,72.6229410417841,0.66,110.2,2.4,Barail
OIL-DIKOM-1,1859,81.95484721002092,0.658,110.0,2.4019999999999997,Barail
OIL-DIKOM-1,1869,85.56200025565407,0.656,109.8,2.404,Barail
OIL-DIKOM-1,1879,92.98008539103874,0.654,109.60000000000001,2.4059999999999997,Barail
OIL-DIKOM-1,1889,93.37791209593367,0.652,109.4,2.408,Barail
OIL-DIKOM-1,1899,99.62976772868242,0.65,109.2,2.4099999999999997,Barail
OIL-DIKOM-1,1909,100.02993895771881,0.648,109.0,2.412,Barail
OIL-DIKOM-1,1919,99.20866932383382,0.646,108.8,2.4139999999999997,Barail
OIL-DIKOM-1,1929,101.00172930378476,0.644,108.60000000000001,2.416,Barail
OIL-DIKOM-1,1939,101.43283154567683,0.642,108.4,2.4179999999999997,Barail
OIL-DIKOM-1,1949,97.1836521701074,0.64,108.2,2.42,Barail
OIL-DIKOM-1,1959,95.48057195596691,0.638,108.0,2.4219999999999997,Barail
OIL-DIKOM-1,1969,97.52977690776349,0.636,107.8,2.424,Barail
OIL-DIKOM-1,1979,93.09959336829704,0.634,107.60000000000001,2.4259999999999997,Barail
OIL-DIKOM-1,1989,91.20625693236943,0.632,107.4,2.428,Barail
OIL-DIKOM-1,1999,87.7467749882346,0.63,107.2,2.4299999999999997,Barail
OIL-DIKOM-1,2009,85.17266452935195,0.628,107.0,2.432,Barail
OIL-DIKOM-1,2019,81.28512024217791,0.626,106.8,2.4339999999999997,Barail
OIL-DIKOM-1,2029,82.27471163730446,0.624,106.60000000000001,2.436,Barail
OIL-DIKOM-1,2039,83.10627853712558,0.622,106.4,2.4379999999999997,Barail
OIL-DIKOM-1,2049,85.65982687523343,0.62,106.2,2.44,Barail
OIL-DIKOM-1,2059,84.07177154602147,0.618,106.0,2.4419999999999997,Barail
OIL-DIKOM-1,2069,86.73981927672513,0.616,105.8,2.444,Barail
OIL-DIKOM-1,2079,93.92573297099848,0.614,105.60000000000001,2.4459999999999997,Barail
OIL-DIKOM-1,2089,95.04661665735213,0.612,105.4,2.448,Barail
OIL-DIKOM-1,2099,100.1568642896119,0.61,105.2,2.4499999999999997,Barail
OIL-DIKOM-1,2109,101.87281213754827,0.608,105.0,2.452,Barail
OIL-DIKOM-1,2119,100.63994641103109,0.606,104.8,2.4539999999999997,Barail
OIL-DIKOM-1,2129,107.214324809034,0.604,104.60000000000001,2.456,Barail
OIL-DIKOM-1,2139,111.76232702232409,0.602,104.4,2.4579999999999997,Barail
OIL-DIKOM-1,2149,110.82287379736775,0.6000000000000001,104.2,2.46,Barail
OIL-DIKOM-1,2159,108.20517034993338,0.5980000000000001,104.0,2.4619999999999997,Barail
OIL-DIKOM-1,2169,110.94057141647721,0.5960000000000001,103.8,2.464,Barail
OIL-DIKOM-1,2179,109.94164779377492,0.5940000000000001,103.60000000000001,2.4659999999999997,Barail
OIL-DIKOM-1,2189,107.15899140728682,0.5920000000000001,103.4,2.468,Barail
OIL-DIKOM-1,2199,102.85678934596885,0.5900000000000001,103.2,2.4699999999999998,Barail
OIL-DIKOM-1,2209,102.18717017177336,0.5880000000000001,103.0,2.472,Barail
OIL-DIKOM-1,2219,91.30688924323371,0.5860000000000001,102.8,2.4739999999999998,Barail
OIL-DIKOM-1,2229,89.14668641950453,0.5840000000000001,102.60000000000001,2.476,Barail
OIL-DIKOM-1,2239,81.71047679891895,0.5820000000000001,102.4,2.4779999999999998,Barail
OIL-DIKOM-1,2249,75.0340625887944,0.5800000000000001,102.2,2.48,Barail
OIL-DIKOM-1,2259,74.81820056885252,0.5780000000000001,102.0,2.4819999999999998,Barail
OIL-DIKOM-1,2269,70.70166737725272,0.5760000000000001,101.8,2.484,Barail
OIL-DIKOM-1,2279,64.37242764481147,0.5740000000000001,101.60000000000001,2.4859999999999998,Barail
OIL-DIKOM-1,2289,65.61553655018332,0.5720000000000001,101.4,2.488,Barail
OIL-DIKOM-1,2299,64.31673826827294,0.5700000000000001,101.2,2.4899999999999998,Barail
OIL-DIKOM-1,2309,62.34577162283102,0.5680000000000001,101.0,2.492,Barail
OIL-DIKOM-1,2319,63.95851925334541,0.5660000000000001,100.8,2.4939999999999998,Barail
OIL-DIKOM-1,2329,65.7677266285191,0.5640000000000001,100.6,2.496,Barail
OIL-DIKOM-1,2339,64.1323133323952,0.562,100.4,2.4979999999999998,Barail
OIL-DIKOM-1,2349,69.32062931862829,0.56,100.2,2.5,Barail
OIL-DIKOM-1,2359,68.44624760232632,0.558,100.0,2.502,Barail
OIL-DIKOM-1,2369,70.33220263402016,0.556,99.8,2.504,Barail
OIL-DIKOM-1,2379,71.64170958158941,0.554,99.6,2.506,Barail
OIL-DIKOM-1,2389,76.9942187504145,0.552,99.4,2.508,Barail
OIL-DIKOM-1,2399,76.22628389835029,0.55,99.2,2.51,Barail
OIL-DIKOM-1,2409,75.1791825927583,0.548,99.0,2.512,Barail
OIL-DIKOM-1,2419,76.75304008326938,0.546,98.8,2.514,Barail
OIL-DIKOM-1,2429,74.1699465391524,0.544,98.6,2.516,Barail
OIL-DIKOM-1,2439,72.35739274348695,0.542,98.4,2.518,Barail
OIL-DIKOM-1,2449,64.221954614905,0.54,98.2,2.52,Barail
OIL-DIKOM-1,2459,60.53607935306616,0.538,98.0,2.522,Barail
OIL-DIKOM-1,2469,57.65114030153986,0.536,97.8,2.524,Barail
OIL-DIKOM-1,2479,53.74750514650759,0.534,97.6,2.526,Barail
OIL-DIKOM-1,2489,48.30397308601949,0.532,97.4,2.528,Barail
OIL-DIKOM-1,2499,44.03888571473017,0.53,97.2,2.53,Barail
OIL-DIKOM-1,2509,40.63358063770852,0.528,97.0,2.532,Kopili
OIL-DIKOM-1,2519,34.36032764073669,0.526,96.8,2.534,Kopili
OIL-DIKOM-1,2529,35.28377096069818,0.524,96.6,2.536,Kopili
OIL-DIKOM-1,2539,29.545484229475676,0.522,96.4,2.538,Kopili
OIL-DIKOM-1,2549,34.03313337313393,0.52,96.2,2.54,Kopili
OIL-DIKOM-1,2559,34.395237087307,0.518,96.0,2.542,Kopili
OIL-DIKOM-1,2569,37.929670673736545,0.516,95.8,2.544,Kopili
OIL-DIKOM-1,2579,43.43090006616078,0.514,95.6,2.546,Kopili
OIL-DIKOM-1,2589,45.64328244434571,0.512,95.4,2.548,Kopili
OIL-DIKOM-1,2599,48.61940791340564,0.51,95.2,2.55,Kopili
OIL-DIKOM-1,2609,55.28350609523135,0.508,95.0,2.552,Kopili
OIL-DIKOM-1,2619,59.713179763095475,0.506,94.8,2.554,Kopili
OIL-DIKOM-1,2629,64.75743097299423,0.504,94.6,2.556,Kopili
OIL-DIKOM-1,2639,64.6510685115421,0.502,94.4,2.558,Kopili
OIL-DIKOM-1,2649,71.63908867463573,0.5,94.2,2.56,Kopili
OIL-DIKOM-1,2659,67.22299348958306,0.498,94.0,2.562,Kopili
OIL-DIKOM-1,2669,71.98197988583605,0.496,93.8,2.564,Kopili
OIL-DIKOM-1,2679,72.93759819487597,0.494,93.6,2.566,Kopili
OIL-DIKOM-1,2689,71.66960781815773,0.492,93.4,2.568,Kopili
OIL-DIKOM-1,2699,72.14364173557745,0.49,93.2,2.57,Kopili
OIL-DIKOM-1,2709,70.32549337242436,0.488,93.0,2.572,Kopili
OIL-DIKOM-1,2719,64.5146763558251,0.486,92.8,2.574,Kopili
OIL-DIKOM-1,2729,65.37425631922798,0.48400000000000004,92.6,2.576,Kopili
OIL-DIKOM-1,2739,65.15876858499071,0.48200000000000004,92.4,2.578,Kopili
OIL-DIKOM-1,2749,57.93238674128745,0.48000000000000004,92.2,2.58,Kopili
OIL-DIKOM-1,2759,58.603546231719136,0.47800000000000004,92.0,2.582,Kopili
OIL-DIKOM-1,2769,59.058557906698226,0.47600000000000003,91.8,2.584,Kopili
OIL-DIKOM-1,2779,54.028363690670254,0.47400000000000003,91.6,2.586,Kopili
OIL-DIKOM-1,2789,59.56457509185072,0.47200000000000003,91.4,2.588,Kopili
OIL-DIKOM-1,2799,62.314114446866654,0.47000000000000003,91.2,2.59,Kopili
OIL-DIKOM-1,2809,64.58917384449464,0.468,91.0,2.592,Kopili
OIL-DIKOM-1,2819,73.2839482036012,0.466,90.8,2.594,Kopili
OIL-DIKOM-1,2829,77.1959200807348,0.464,90.6,2.596,Kopili
OIL-DIKOM-1,2839,75.94531470412053,0.462,90.4,2.598,Kopili
OIL-DIKOM-1,2849,80.78813397349599,0.46,90.2,2.6,Kopili
OIL-DIKOM-1,2859,83.16237282038205,0.458,90.0,2.602,Kopili
OIL-DIKOM-1,2869,93.53575396712809,0.456,89.8,2.604,Kopili
OIL-DIKOM-1,2879,96.61980961624491,0.454,89.6,2.606,Kopili
OIL-DIKOM-1,2889,101.33947532428687,0.452,89.4,2.608,Kopili
OIL-DIKOM-1,2899,101.85589795318197,0.45000000000000007,89.2,2.61,Kopili
OIL-DIKOM-1,2909,107.17882726803096,0.44800000000000006,89.0,2.612,Kopili
OIL-DIKOM-1,2919,108.0051471747521,0.44600000000000006,88.8,2.614,Kopili
OIL-DIKOM-1,2929,112.00359290904716,0.44400000000000006,88.6,2.616,Kopili
OIL-DIKOM-1,2939,106.12693560439845,0.44200000000000006,88.4,2.618,Kopili
OIL-DIKOM-1,2949,106.30090482184308,0.44000000000000006,88.2,2.62,Kopili
OIL-DIKOM-1,2959,104.36739473479506,0.43800000000000006,88.0,2.622,Kopili
OIL-DIKOM-1,2969,104.42069436974845,0.43600000000000005,87.8,2.624,Kopili
OIL-DIKOM-1,2979,101.63673105917695,0.43400000000000005,87.6,2.626,Kopili
OIL-DIKOM-1,2989,95.29822572086535,0.43200000000000005,87.4,2.628,Kopili
OIL-DIKOM-1,2999,94.96813256366505,0.43000000000000005,87.2,2.63,Kopili
OIL-DIKOM-1,3009,89.5396482564549,0.42800000000000005,87.0,2.632,Kopili
OIL-DIKOM-1,3019,87.95515993559076,0.42600000000000005,86.8,2.634,Kopili
OIL-DIKOM-1,3029,82.94887794484755,0.42400000000000004,86.6,2.636,Kopili
OIL-DIKOM-1,3039,84.72211001869468,0.42200000000000004,86.4,2.638,Kopili
OIL-DIKOM-1,3049,84.94835439661684,0.42000000000000004,86.2,2.6399999999999997,Kopili
OIL-DIKOM-1,3059,86.65795173542834,0.41800000000000004,86.0,2.642,Kopili
OIL-DIKOM-1,3069,91.17556610759533,0.41600000000000004,85.8,2.644,Kopili
OIL-DIKOM-1,3079,88.36695579229382,0.41400000000000003,85.6,2.646,Kopili
OIL-DIKOM-1,3089,90.86775613884242,0.41200000000000003,85.4,2.6479999999999997,Kopili
OIL-DIKOM-1,3099,90.23830204746474,0.41000000000000003,85.2,2.65,Kopili
OIL-DIKOM-1,3109,97.45019087418807,0.40800000000000003,85.0,2.652,Kopili
OIL-DIKOM-1,3119,105.40513795019753,0.406,84.8,2.654,Kopili
OIL-DIKOM-1,3129,103.89078298119755,0.404,84.6,2.6559999999999997,Kopili
OIL-DIKOM-1,3139,103.66605435507626,0.402,84.4,2.658,Kopili
OIL-DIKOM-1,3149,108.05053900236734,0.4,84.2,2.66,Kopili
OIL-DIKOM-1,3159,106.5436598347426,0.398,84.0,2.662,Kopili
OIL-DIKOM-1,3169,102.01922400429504,0.396,83.8,2.6639999999999997,Kopili
OIL-DIKOM-1,3179,106.21840264991768,0.394,83.6,2.666,Kopili
OIL-DIKOM-1,3189,97.0257946761731,0.392,83.4,2.668,Kopili
OIL-DIKOM-1,3199,97.09320022157497,0.39,83.2,2.67,Kopili
OIL-DIKOM-1,3209,91.82352043205717,0.388,83.0,2.6719999999999997,Kopili
OIL-DIKOM-1,3219,88.80989341576807,0.386,82.8,2.674,Kopili
OIL-DIKOM-1,3229,84.06481788004035,0.384,82.6,2.676,Kopili
OIL-DIKOM-1,3239,75.99117910968313,0.382,82.4,2.678,Kopili
OIL-DIKOM-1,3249,71.01775120146844,0.38,82.2,2.6799999999999997,Kopili
OIL-DIKOM-1,3259,63.46143553302762,0.378,82.0,2.682,Kopili
OIL-DIKOM-1,3269,63.73547755625288,0.376,81.8,2.684,Kopili
OIL-DIKOM-1,3279,55.66804700519185,0.374,81.6,2.686,Kopili
OIL-DIKOM-1,3289,53.77697154270398,0.372,81.4,2.6879999999999997,Kopili
OIL-DIKOM-1,3299,53.73552316014365,0.37000000000000005,81.2,2.69,Kopili
OIL-DIKOM-1,3309,54.441661198040535,0.36800000000000005,81.0,2.6919999999999997,Kopili
OIL-DIKOM-1,3319,54.46826860811945,0.36600000000000005,80.8,2.694,Kopili
OIL-DIKOM-1,3329,59.25691274061102,0.36400000000000005,80.6,2.6959999999999997,Kopili
OIL-DIKOM-1,3339,54.74717746337507,0.36200000000000004,80.4,2.698,Kopili
OIL-TENGAKHAT-1,1951,71.05704881482755,0.66,110.2,2.4,Barail
OIL-TENGAKHAT-1,1961,77.8769015979216,0.658,110.0,2.4019999999999997,Barail
OIL-TENGAKHAT-1,1971,83.42167479122884,0.656,109.8,2.404,Barail
OIL-TENGAKHAT-1,1981,89.1924330361337,0.654,109.60000000000001,2.4059999999999997,Barail
OIL-TENGAKHAT-1,1991,92.18569018184554,0.652,109.4,2.408,Barail
OIL-TENGAKHAT-1,2001,95.29194127970236,0.65,109.2,2.4099999999999997,Barail
OIL-TENGAKHAT-1,2011,100.98957401216825,0.648,109.0,2.412,Barail
OIL-TENGAKHAT-1,2021,101.42689305315562,0.646,108.8,2.4139999999999997,Barail
OIL-TENGAKHAT-1,2031,99.76192472444117,0.644,108.60000000000001,2.416,Barail
OIL-TENGAKHAT-1,2041,100.66052512846694,0.642,108.4,2.4179999999999997,Barail
OIL-TENGAKHAT-1,2051,98.84697257763,0.64,108.2,2.42,Barail
OIL-TENGAKHAT-1,2061,97.55532531091615,0.638,108.0,2.4219999999999997,Barail
OIL-TENGAKHAT-1,2071,93.59365224611578,0.636,107.8,2.424,Barail
OIL-TENGAKHAT-1,2081,92.13340496463157,0.634,107.60000000000001,2.4259999999999997,Barail
OIL-TENGAKHAT-1,2091,89.7607536986962,0.632,107.4,2.428,Barail
OIL-TENGAKHAT-1,2101,86.74167888715532,0.63,107.2,2.4299999999999997,Barail
OIL-TENGAKHAT-1,2111,88.31687455734007,0.628,107.0,2.432,Barail
OIL-TENGAKHAT-1,2121,86.65968188538515,0.626,106.8,2.4339999999999997,Barail
OIL-TENGAKHAT-1,2131,83.36771750985667,0.624,106.60000000000001,2.436,Barail
OIL-TENGAKHAT-1,2141,84.04169485841334,0.622,106.4,2.4379999999999997,Barail
OIL-TENGAKHAT-1,2151,86.3444815718228,0.62,106.2,2.44,Barail
OIL-TENGAKHAT-1,2161,86.93109650858956,0.618,106.0,2.4419999999999997,Barail
OIL-TENGAKHAT-1,2171,89.88459436600473,0.616,105.8,2.444,Barail
OIL-TENGAKHAT-1,2181,93.2759982022333,0.614,105.60000000000001,2.4459999999999997,Barail
OIL-TENGAKHAT-1,2191,97.2203949689692,0.612,105.4,2.448,Barail
OIL-TENGAKHAT-1,2201,97.59617758542278,0.61,105.2,2.4499999999999997,Barail
OIL-TENGAKHAT-1,2211,100.94012829642413,0.608,105.0,2.452,Barail
OIL-TENGAKHAT-1,2221,106.12097001775287,0.606,104.8,2.4539999999999997,Barail
OIL-TENGAKHAT-1,2231,110.52898985826792,0.604,104.60000000000001,2.456,Barail
OIL-TENGAKHAT-1,2241,107.7793240871151,0.602,104.4,2.4579999999999997,Barail
OIL-TENGAKHAT-1,2251,112.64334446155958,0.6000000000000001,104.2,2.46,Barail
OIL-TENGAKHAT-1,2261,112.33211213350407,0.5980000000000001,104.0,2.4619999999999997,Barail
OIL-TENGAKHAT-1,2271,112.01979058170086,0.5960000000000001,103.8,2.464,Barail
OIL-TENGAKHAT-1,2281,108.96030367840835,0.5940000000000001,103.60000000000001,2.4659999999999997,Barail
OIL-TENGAKHAT-1,2291,103.59759630555268,0.5920000000000001,103.4,2.468,Barail
OIL-TENGAKHAT-1,2301,105.22732034007683,0.5900000000000001,103.2,2.4699999999999998,Barail
OIL-TENGAKHAT-1,2311,96.33483218504551,0.5880000000000001,103.0,2.472,Barail
OIL-TENGAKHAT-1,2321,90.54509334113102,0.5860000000000001,102.8,2.4739999999999998,Barail
OIL-TENGAKHAT-1,2331,84.13058885586813,0.5840000000000001,102.60000000000001,2.476,Barail
OIL-TENGAKHAT-1,2341,81.68032307181964,0.5820000000000001,102.4,2.4779999999999998,Barail
OIL-TENGAKHAT-1,2351,79.99295866163457,0.5800000000000001,102.2,2.48,Barail
OIL-TENGAKHAT-1,2361,75.35856185811568,0.5780000000000001,102.0,2.4819999999999998,Barail
OIL-TENGAKHAT-1,2371,75.77840358743002,0.5760000000000001,101.8,2.484,Barail
OIL-TENGAKHAT-1,2381,70.80245005980093,0.5740000000000001,101.60000000000001,2.4859999999999998,Barail
OIL-TENGAKHAT-1,2391,68.4139927276118,0.5720000000000001,101.4,2.488,Barail
OIL-TENGAKHAT-1,2401,64.70822586562105,0.5700000000000001,101.2,2.4899999999999998,Barail
OIL-TENGAKHAT-1,2411,63.52402230455582,0.5680000000000001,101.0,2.492,Barail
OIL-TENGAKHAT-1,2421,63.013886001995985,0.5660000000000001,100.8,2.4939999999999998,Barail
OIL-TENGAKHAT-1,2431,65.14954120983876,0.5640000000000001,100.6,2.496,Barail
OIL-TENGAKHAT-1,2441,67.62600178610762,0.562,100.4,2.4979999999999998,Barail
OIL-TENGAKHAT-1,2451,69.09089135432787,0.56,100.2,2.5,Barail
OIL-TENGAKHAT-1,2461,73.79329847052391,0.558,100.0,2.502,Barail
OIL-TENGAKHAT-1,2471,70.82194083043683,0.556,99.8,2.504,Barail
OIL-TENGAKHAT-1,2481,75.86702322452611,0.554,99.6,2.506,Barail
OIL-TENGAKHAT-1,2491,73.98050211775292,0.552,99.4,2.508,Barail
OIL-TENGAKHAT-1,2501,74.90801626086323,0.55,99.2,2.51,Kopili
OIL-TENGAKHAT-1,2511,76.44081627176467,0.548,99.0,2.512,Kopili
OIL-TENGAKHAT-1,2521,76.07894560127869,0.546,98.8,2.514,Kopili
OIL-TENGAKHAT-1,2531,71.0973736880846,0.544,98.6,2.516,Kopili
OIL-TENGAKHAT-1,2541,70.68554769308808,0.542,98.4,2.518,Kopili
OIL-TENGAKHAT-1,2551,67.58202268874018,0.54,98.2,2.52,Kopili
OIL-TENGAKHAT-1,2561,61.42873833879668,0.538,98.0,2.522,Kopili
OIL-TENGAKHAT-1,2571,55.59726179657825,0.536,97.8,2.524,Kopili
OIL-TENGAKHAT-1,2581,52.935566138521125,0.534,97.6,2.526,Kopili
OIL-TENGAKHAT-1,2591,46.5144639316317,0.532,97.4,2.528,Kopili
OIL-TENGAKHAT-1,2601,43.28185578607335,0.53,97.2,2.53,Kopili
OIL-TENGAKHAT-1,2611,39.487578663959056,0.528,97.0,2.532,Kopili
OIL-TENGAKHAT-1,2621,36.88773815669475,0.526,96.8,2.534,Kopili
OIL-TENGAKHAT-1,2631,36.48272550076201,0.524,96.6,2.536,Kopili
OIL-TENGAKHAT-1,2641,37.857378129575,0.522,96.4,2.538,Kopili
OIL-TENGAKHAT-1,2651,34.09114286890795,0.52,96.2,2.54,Kopili
OIL-TENGAKHAT-1,2661,37.130927743435116,0.518,96.0,2.542,Kopili
OIL-TENGAKHAT-1,2671,35.35732384983555,0.516,95.8,2.544,Kopili
OIL-TENGAKHAT-1,2681,40.53065704047517,0.514,95.6,2.546,Kopili
OIL-TENGAKHAT-1,2691,44.560627552647496,0.512,95.4,2.548,Kopili
OIL-TENGAKHAT-1,2701,45.533862608443386,0.51,95.2,2.55,Kopili
OIL-TENGAKHAT-1,2711,52.18529187076502,0.508,95.0,2.552,Kopili
OIL-TENGAKHAT-1,2721,58.42081157371552,0.506,94.8,2.554,Kopili
OIL-TENGAKHAT-1,2731,65.48426330740058,0.504,94.6,2.556,Kopili
OIL-TENGAKHAT-1,2741,69.76932155781171,0.502,94.4,2.558,Kopili
OIL-TENGAKHAT-1,2751,66.56483326894349,0.5,94.2,2.56,Kopili
OIL-TENGAKHAT-1,2761,71.15282522111794,0.498,94.0,2.562,Kopili
OIL-TENGAKHAT-1,2771,76.02292467417197,0.496,93.8,2.564,Kopili
OIL-TENGAKHAT-1,2781,74.90802339525212,0.494,93.6,2.566,Kopili
OIL-TENGAKHAT-1,2791,70.99244225477247,0.492,93.4,2.568,Kopili
OIL-TENGAKHAT-1,2801,72.51074052855255,0.49,93.2,2.57,Kopili
OIL-TENGAKHAT-1,2811,68.58763922556777,0.488,93.0,2.572,Kopili
OIL-TENGAKHAT-1,2821,68.47410270214665,0.486,92.8,2.574,Kopili
OIL-TENGAKHAT-1,2831,64.29785957471532,0.48400000000000004,92.6,2.576,Kopili
OIL-TENGAKHAT-1,2841,62.39802984985329,0.48200000000000004,92.4,2.578,Kopili
OIL-TENGAKHAT-1,2851,64.38802773281876,0.48000000000000004,92.2,2.58,Kopili
OIL-TENGAKHAT-1,2861,59.418716876397745,0.47800000000000004,92.0,2.582,Kopili
OIL-TENGAKHAT-1,2871,59.180400605755004,0.47600000000000003,91.8,2.584,Kopili
OIL-TENGAKHAT-1,2881,58.408852470532956,0.47400000000000003,91.6,2.586,Kopili
OIL-TENGAKHAT-1,2891,58.278906233270725,0.47200000000000003,91.4,2.588,Kopili
OIL-TENGAKHAT-1,2901,61.963017224336596,0.47000000000000003,91.2,2.59,Kopili
OIL-TENGAKHAT-1,2911,63.65739524300851,0.468,91.0,2.592,Kopili
OIL-TENGAKHAT-1,2921,67.66148303255291,0.466,90.8,2.594,Kopili
OIL-TENGAKHAT-1,2931,73.02023631393396,0.464,90.6,2.596,Kopili
OIL-TENGAKHAT-1,2941,76.99707827234795,0.462,90.4,2.598,Kopili
OIL-TENGAKHAT-1,2951,82.30732531449199,0.46,90.2,2.6,Kopili
OIL-TENGAKHAT-1,2961,89.43284021763866,0.458,90.0,2.602,Kopili
OIL-TENGAKHAT-1,2971,88.58331048737779,0.456,89.8,2.604,Kopili
OIL-TENGAKHAT-1,2981,95.48590422400687,0.454,89.6,2.606,Kopili
OIL-TENGAKHAT-1,2991,101.25036617834591,0.452,89.4,2.608,Kopili
OIL-TENGAKHAT-1,3001,104.65944174897054,0.45000000000000007,89.2,2.61,Kopili
OIL-TENGAKHAT-1,3011,104.08156054058242,0.44800000000000006,89.0,2.612,Kopili
OIL-TENGAKHAT-1,3021,110.6975870681359,0.44600000000000006,88.8,2.614,Kopili
OIL-TENGAKHAT-1,3031,111.96902207127991,0.44400000000000006,88.6,2.616,Kopili
OIL-TENGAKHAT-1,3041,109.99476696154159,0.44200000000000006,88.4,2.618,Kopili
OIL-TENGAKHAT-1,3051,109.46244683171375,0.44000000000000006,88.2,2.62,Kopili
OIL-TENGAKHAT-1,3061,108.79332110400516,0.43800000000000006,88.0,2.622,Kopili
OIL-TENGAKHAT-1,3071,103.96259323050062,0.43600000000000005,87.8,2.624,Kopili
OIL-TENGAKHAT-1,3081,98.92946866548621,0.43400000000000005,87.6,2.626,Kopili
OIL-TENGAKHAT-1,3091,95.84051899892428,0.43200000000000005,87.4,2.628,Kopili
OIL-TENGAKHAT-1,3101,94.75567302293254,0.43000000000000005,87.2,2.63,Kopili
OIL-TENGAKHAT-1,3111,92.50709574718758,0.42800000000000005,87.0,2.632,Kopili
OIL-TENGAKHAT-1,3121,83.48946726206051,0.42600000000000005,86.8,2.634,Kopili
OIL-TENGAKHAT-1,3131,80.71014628793925,0.42400000000000004,86.6,2.636,Kopili
OIL-TENGAKHAT-1,3141,84.40359563374061,0.42200000000000004,86.4,2.638,Kopili
OIL-TENGAKHAT-1,3151,83.2642893762848,0.42000000000000004,86.2,2.6399999999999997,Kopili
OIL-TENGAKHAT-1,3161,87.75271795859085,0.41800000000000004,86.0,2.642,Kopili
OIL-TENGAKHAT-1,3171,88.84993533190264,0.41600000000000004,85.8,2.644,Kopili
OIL-TENGAKHAT-1,3181,88.52591335620123,0.41400000000000003,85.6,2.646,Kopili
OIL-TENGAKHAT-1,3191,95.22961500672666,0.41200000000000003,85.4,2.6479999999999997,Kopili
OIL-TENGAKHAT-1,3201,94.35802112002969,0.41000000000000003,85.2,2.65,Kopili
OIL-TENGAKHAT-1,3211,92.21969083090066,0.40800000000000003,85.0,2.652,Kopili
OIL-TENGAKHAT-1,3221,100.16451482174097,0.406,84.8,2.654,Kopili
OIL-TENGAKHAT-1,3231,105.68554556722812,0.404,84.6,2.6559999999999997,Kopili
OIL-TENGAKHAT-1,3241,102.38314079969003,0.402,84.4,2.658,Kopili
OIL-TENGAKHAT-1,3251,106.92705987234591,0.4,84.2,2.66,Kopili
OIL-TENGAKHAT-1,3261,104.90028677392638,0.398,84.0,2.662,Kopili
OIL-TENGAKHAT-1,3271,106.26988009541463,0.396,83.8,2.6639999999999997,Kopili
OIL-TENGAKHAT-1,3281,103.0385717680424,0.394,83.6,2.666,Kopili
OIL-TENGAKHAT-1,3291,99.8058919989541,0.392,83.4,2.668,Kopili
OIL-TENGAKHAT-1,3301,96.55819013520778,0.39,83.2,2.67,Kopili
OIL-TENGAKHAT-1,3311,92.15366731236148,0.388,83.0,2.6719999999999997,Kopili
OIL-TENGAKHAT-1,3321,85.73975150905876,0.386,82.8,2.674,Kopili
OIL-TENGAKHAT-1,3331,82.20724873411007,0.384,82.6,2.676,Kopili
OIL-TENGAKHAT-1,3341,77.93196943097644,0.382,82.4,2.678,Kopili
OIL-TENGAKHAT-1,3351,70.03637296598696,0.38,82.2,2.6799999999999997,Kopili
OIL-TENGAKHAT-1,3361,64.13216433454522,0.378,82.0,2.682,Kopili
OIL-TENGAKHAT-1,3371,62.84165456849624,0.376,81.8,2.684,Kopili
OIL-TENGAKHAT-1,3381,57.366134065555585,0.374,81.6,2.686,Kopili
OIL-TENGAKHAT-1,3391,56.83324326676613,0.372,81.4,2.6879999999999997,Kopili
OIL-TENGAKHAT-1,3401,52.852446342467616,0.37000000000000005,81.2,2.69,Kopili
OIL-TENGAKHAT-1,3411,51.05196886201587,0.36800000000000005,81.0,2.6919999999999997,Kopili
OIL-TENGAKHAT-1,3421,51.4104758424182,0.36600000000000005,80.8,2.694,Kopili
OIL-TENGAKHAT-1,3431,51.44116291154093,0.36400000000000005,80.6,2.6959999999999997,Kopili
OIL-TENGAKHAT-1,3441,52.98659958635278,0.36200000000000004,80.4,2.698,Kopili
OIL-KOTHALONI-1,2100,74.9053946133308,0.66,110.2,2.4,Barail
OIL-KOTHALONI-1,2110,82.7412729744119,0.658,110.0,2.4019999999999997,Barail
OIL-KOTHALONI-1,2120,85.50115693270305,0.656,109.8,2.404,Barail
OIL-KOTHALONI-1,2130,89.6992052009456,0.654,109.60000000000001,2.4059999999999997,Barail
OIL-KOTHALONI-1,2140,95.94345708017984,0.652,109.4,2.408,Barail
OIL-KOTHALONI-1,2150,95.71014178806408,0.65,109.2,2.4099999999999997,Barail
OIL-KOTHALONI-1,2160,100.63490324605658,0.648,109.0,2.412,Barail
OIL-KOTHALONI-1,2170,101.14674860502444,0.646,108.8,2.4139999999999997,Barail
OIL-KOTHALONI-1,2180,100.44572511076056,0.644,108.60000000000001,2.416,Barail
OIL-KOTHALONI-1,2190,101.69241078609987,0.642,108.4,2.4179999999999997,Barail
OIL-KOTHALONI-1,2200,98.87842208048467,0.64,108.2,2.42,Barail
OIL-KOTHALONI-1,2210,95.5978108724477,0.638,108.0,2.4219999999999997,Barail
OIL-KOTHALONI-1,2220,91.8663897574157,0.636,107.8,2.424,Barail
OIL-KOTHALONI-1,2230,91.26204961981796,0.634,107.60000000000001,2.4259999999999997,Barail
OIL-KOTHALONI-1,2240,86.64617802738232,0.632,107.4,2.428,Barail
OIL-KOTHALONI-1,2250,85.21996441610003,0.63,107.2,2.4299999999999997,Barail
OIL-KOTHALONI-1,2260,86.80862015389526,0.628,107.0,2.432,Barail
OIL-KOTHALONI-1,2270,84.81021851605026,0.626,106.8,2.4339999999999997,Barail
OIL-KOTHALONI-1,2280,85.02759196004405,0.624,106.60000000000001,2.436,Barail
OIL-KOTHALONI-1,2290,82.44103745656308,0.622,106.4,2.4379999999999997,Barail
OIL-KOTHALONI-1,2300,87.1324152840195,0.62,106.2,2.44,Barail
OIL-KOTHALONI-1,2310,88.06236671281323,0.618,106.0,2.4419999999999997,Barail
OIL-KOTHALONI-1,2320,87.63922976935173,0.616,105.8,2.444,Barail
OIL-KOTHALONI-1,2330,89.66006970457119,0.614,105.60000000000001,2.4459999999999997,Barail
OIL-KOTHALONI-1,2340,95.3938802116174,0.612,105.4,2.448,Barail
OIL-KOTHALONI-1,2350,96.64401111199048,0.61,105.2,2.4499999999999997,Barail
OIL-KOTHALONI-1,2360,102.28988933451575,0.608,105.0,2.452,Barail
OIL-KOTHALONI-1,2370,108.06741863490284,0.606,104.8,2.4539999999999997,Barail
OIL-KOTHALONI-1,2380,108.8974706847375,0.604,104.60000000000001,2.456,Barail
OIL-KOTHALONI-1,2390,110.22928660754847,0.602,104.4,2.4579999999999997,Barail
OIL-KOTHALONI-1,2400,109.36886739627924,0.6000000000000001,104.2,2.46,Barail
OIL-KOTHALONI-1,2410,111.32657248041237,0.5980000000000001,104.0,2.4619999999999997,Barail
OIL-KOTHALONI-1,2420,112.96383358194163,0.5960000000000001,103.8,2.464,Barail
OIL-KOTHALONI-1,2430,108.36003760267488,0.5940000000000001,103.60000000000001,2.4659999999999997,Barail
OIL-KOTHALONI-1,2440,102.82943568616241,0.5920000000000001,103.4,2.468,Barail
OIL-KOTHALONI-1,2450,101.41593438549302,0.5900000000000001,103.2,2.4699999999999998,Barail
OIL-KOTHALONI-1,2460,97.52323569422096,0.5880000000000001,103.0,2.472,Barail
OIL-KOTHALONI-1,2470,91.2023701768925,0.5860000000000001,102.8,2.4739999999999998,Barail
OIL-KOTHALONI-1,2480,90.02877796250706,0.5840000000000001,102.60000000000001,2.476,Barail
OIL-KOTHALONI-1,2490,80.80059404644861,0.5820000000000001,102.4,2.4779999999999998,Barail
OIL-KOTHALONI-1,2500,78.38189611729715,0.5800000000000001,102.2,2.48,Kopili
OIL-KOTHALONI-1,2510,73.32913939643203,0.5780000000000001,102.0,2.4819999999999998,Kopili
OIL-KOTHALONI-1,2520,73.11474157075189,0.5760000000000001,101.8,2.484,Kopili
OIL-KOTHALONI-1,2530,69.45657100471043,0.5740000000000001,101.60000000000001,2.4859999999999998,Kopili
OIL-KOTHALONI-1,2540,61.16976841288374,0.5720000000000001,101.4,2.488,Kopili
OIL-KOTHALONI-1,2550,62.69565049201635,0.5700000000000001,101.2,2.4899999999999998,Kopili
OIL-KOTHALONI-1,2560,65.2393850591755,0.5680000000000001,101.0,2.492,Kopili
OIL-KOTHALONI-1,2570,65.43996422113356,0.5660000000000001,100.8,2.4939999999999998,Kopili
OIL-KOTHALONI-1,2580,65.78722112640278,0.5640000000000001,100.6,2.496,Kopili
OIL-KOTHALONI-1,2590,67.52006434360167,0.562,100.4,2.4979999999999998,Kopili
OIL-KOTHALONI-1,2600,68.3576696910614,0.56,100.2,2.5,Kopili
OIL-KOTHALONI-1,2610,70.22832437425008,0.558,100.0,2.502,Kopili
OIL-KOTHALONI-1,2620,71.28750939555631,0.556,99.8,2.504,Kopili
OIL-KOTHALONI-1,2630,75.54549150311689,0.554,99.6,2.506,Kopili
OIL-KOTHALONI-1,2640,76.46563792524938,0.552,99.4,2.508,Kopili
OIL-KOTHALONI-1,2650,76.51693597707327,0.55,99.2,2.51,Kopili
OIL-KOTHALONI-1,2660,76.18815377575596,0.548,99.0,2.512,Kopili
OIL-KOTHALONI-1,2670,76.46608907495711,0.546,98.8,2.514,Kopili
OIL-KOTHALONI-1,2680,72.96894117105758,0.544,98.6,2.516,Kopili
OIL-KOTHALONI-1,2690,66.86326045878847,0.542,98.4,2.518,Kopili
OIL-KOTHALONI-1,2700,66.83912150699332,0.54,98.2,2.52,Kopili
OIL-KOTHALONI-1,2710,61.06078308509547,0.538,98.0,2.522,Kopili
OIL-KOTHALONI-1,2720,59.67962035576643,0.536,97.8,2.524,Kopili
OIL-KOTHALONI-1,2730,49.85396796482909,0.534,97.6,2.526,Kopili
OIL-KOTHALONI-1,2740,45.40125392266154,0.532,97.4,2.528,Kopili
OIL-KOTHALONI-1,2750,44.157224147055324,0.53,97.2,2.53,Kopili
OIL-KOTHALONI-1,2760,42.2414070149478,0.528,97.0,2.532,Kopili
OIL-KOTHALONI-1,2770,35.29676937613586,0.526,96.8,2.534,Kopili
OIL-KOTHALONI-1,2780,35.71174520697048,0.524,96.6,2.536,Kopili
OIL-KOTHALONI-1,2790,32.71230705427007,0.522,96.4,2.538,Kopili
OIL-KOTHALONI-1,2800,37.850652500856235,0.52,96.2,2.54,Kopili
OIL-KOTHALONI-1,2810,34.48579059925279,0.518,96.0,2.542,Kopili
OIL-KOTHALONI-1,2820,41.27345069349077,0.516,95.8,2.544,Kopili
OIL-KOTHALONI-1,2830,41.72871751927792,0.514,95.6,2.546,Kopili
OIL-KOTHALONI-1,2840,40.99286222504888,0.512,95.4,2.548,Kopili
OIL-KOTHALONI-1,2850,50.77100855073838,0.51,95.2,2.55,Kopili
OIL-KOTHALONI-1,2860,54.57554409786467,0.508,95.0,2.552,Kopili
OIL-KOTHALONI-1,2870,60.45093631576247,0.506,94.8,2.554,Kopili
OIL-KOTHALONI-1,2880,59.46106615207724,0.504,94.6,2.556,Kopili
OIL-KOTHALONI-1,2890,67.57651724565886,0.502,94.4,2.558,Kopili
OIL-KOTHALONI-1,2900,68.38514525258243,0.5,94.2,2.56,Kopili
OIL-KOTHALONI-1,2910,70.9356505375635,0.498,94.0,2.562,Kopili
OIL-KOTHALONI-1,2920,73.7515964871566,0.496,93.8,2.564,Kopili
OIL-KOTHALONI-1,2930,71.62110017574842,0.494,93.6,2.566,Kopili
OIL-KOTHALONI-1,2940,71.71904300824917,0.492,93.4,2.568,Kopili
OIL-KOTHALONI-1,2950,70.53560699630287,0.49,93.2,2.57,Kopili
OIL-KOTHALONI-1,2960,72.68393844767118,0.488,93.0,2.572,Kopili
OIL-KOTHALONI-1,2970,69.15005299252468,0.486,92.8,2.574,Kopili
OIL-KOTHALONI-1,2980,66.691215115563,0.48400000000000004,92.6,2.576,Kopili
OIL-KOTHALONI-1,2990,64.33164524151354,0.48200000000000004,92.4,2.578,Kopili
OIL-KOTHALONI-1,3000,62.75965841443805,0.48000000000000004,92.2,2.58,Kopili
OIL-KOTHALONI-1,3010,58.53906607242577,0.47800000000000004,92.0,2.582,Kopili
OIL-KOTHALONI-1,3020,59.04662370804141,0.47600000000000003,91.8,2.584,Kopili
OIL-KOTHALONI-1,3030,58.28990353435421,0.47400000000000003,91.6,2.586,Kopili
OIL-KOTHALONI-1,3040,59.887558110455934,0.47200000000000003,91.4,2.588,Kopili
OIL-KOTHALONI-1,3050,57.93927589417074,0.47000000000000003,91.2,2.59,Kopili
OIL-KOTHALONI-1,3060,63.25133436786393,0.468,91.0,2.592,Kopili
OIL-KOTHALONI-1,3070,68.12272982366365,0.466,90.8,2.594,Kopili
OIL-KOTHALONI-1,3080,70.65602189006717,0.464,90.6,2.596,Kopili
OIL-KOTHALONI-1,3090,75.78112621071112,0.462,90.4,2.598,Kopili
OIL-KOTHALONI-1,3100,80.32460662516596,0.46,90.2,2.6,Kopili
OIL-KOTHALONI-1,3110,90.35261580456506,0.458,90.0,2.602,Kopili
OIL-KOTHALONI-1,3120,92.00861438428336,0.456,89.8,2.604,Kopili
OIL-KOTHALONI-1,3130,95.34113287829805,0.454,89.6,2.606,Kopili
OIL-KOTHALONI-1,3140,103.76821790758989,0.452,89.4,2.608,Kopili
OIL-KOTHALONI-1,3150,106.23292353475848,0.45000000000000007,89.2,2.61,Kopili
OIL-KOTHALONI-1,3160,106.79833551992135,0.44800000000000006,89.0,2.612,Kopili
OIL-KOTHALONI-1,3170,106.2660469449312,0.44600000000000006,88.8,2.614,Kopili
OIL-KOTHALONI-1,3180,106.4322219025476,0.44400000000000006,88.6,2.616,Kopili
OIL-KOTHALONI-1,3190,109.15857748298237,0.44200000000000006,88.4,2.618,Kopili
OIL-KOTHALONI-1,3200,108.62236167893572,0.44000000000000006,88.2,2.62,Kopili
OIL-KOTHALONI-1,3210,105.8057918641198,0.43800000000000006,88.0,2.622,Kopili
OIL-KOTHALONI-1,3220,103.16170879846804,0.43600000000000005,87.8,2.624,Kopili
OIL-KOTHALONI-1,3230,98.43446582024694,0.43400000000000005,87.6,2.626,Kopili
OIL-KOTHALONI-1,3240,98.17195665840408,0.43200000000000005,87.4,2.628,Kopili
OIL-KOTHALONI-1,3250,94.8497827996469,0.43000000000000005,87.2,2.63,Kopili
OIL-KOTHALONI-1,3260,90.00157826245815,0.42800000000000005,87.0,2.632,Kopili
OIL-KOTHALONI-1,3270,89.38748455192884,0.42600000000000005,86.8,2.634,Kopili
OIL-KOTHALONI-1,3280,89.62237207408508,0.42400000000000004,86.6,2.636,Kopili
OIL-KOTHALONI-1,3290,85.58504756603817,0.42200000000000004,86.4,2.638,Kopili
OIL-KOTHALONI-1,3300,82.9928254729938,0.42000000000000004,86.2,2.6399999999999997,Kopili
OIL-KOTHALONI-1,3310,89.91808493171803,0.41800000000000004,86.0,2.642,Kopili
OIL-KOTHALONI-1,3320,88.05147735749401,0.41600000000000004,85.8,2.644,Kopili
OIL-KOTHALONI-1,3330,89.20151134919638,0.41400000000000003,85.6,2.646,Kopili
OIL-KOTHALONI-1,3340,92.4171426063823,0.41200000000000003,85.4,2.6479999999999997,Kopili
OIL-KOTHALONI-1,3350,98.18453473386803,0.41000000000000003,85.2,2.65,Kopili
OIL-KOTHALONI-1,3360,96.4485470150806,0.40800000000000003,85.0,2.652,Kopili
OIL-KOTHALONI-1,3370,102.86594231579355,0.406,84.8,2.654,Kopili
OIL-KOTHALONI-1,3380,97.72430486806422,0.404,84.6,2.6559999999999997,Kopili
OIL-KOTHALONI-1,3390,102.8631717809048,0.402,84.4,2.658,Kopili
OIL-KOTHALONI-1,3400,108.38710670865251,0.4,84.2,2.66,Kopili
OIL-KOTHALONI-1,3410,106.35970356868062,0.398,84.0,2.662,Kopili
OIL-KOTHALONI-1,3420,102.28854531400201,0.396,83.8,2.6639999999999997,Kopili
OIL-KOTHALONI-1,3430,103.00952086211873,0.394,83.6,2.666,Kopili
OIL-KOTHALONI-1,3440,96.88392006411304,0.392,83.4,2.668,Kopili
OIL-KOTHALONI-1,3450,96.72763160433239,0.39,83.2,2.67,Kopili
OIL-KOTHALONI-1,3460,93.62969671338028,0.388,83.0,2.6719999999999997,Kopili
OIL-KOTHALONI-1,3470,82.09494822827749,0.386,82.8,2.674,Kopili
OIL-KOTHALONI-1,3480,81.19105507410042,0.384,82.6,2.676,Kopili
OIL-KOTHALONI-1,3490,76.96658690042196,0.382,82.4,2.678,Kopili
OIL-KOTHALONI-1,3500,66.05351701455133,0.38,82.2,2.6799999999999997,Kopili
OIL-KOTHALONI-1,3510,68.13507269479699,0.378,82.0,2.682,Kopili
OIL-KOTHALONI-1,3520,59.579831243832224,0.376,81.8,2.684,Kopili
OIL-KOTHALONI-1,3530,61.80392995191614,0.374,81.6,2.686,Kopili
OIL-KOTHALONI-1,3540,56.35608700473252,0.372,81.4,2.6879999999999997,Kopili
OIL-KOTHALONI-1,3550,51.994900535237996,0.37000000000000005,81.2,2.69,Kopili
OIL-KOTHALONI-1,3560,54.85337341842848,0.36800000000000005,81.0,2.6919999999999997,Kopili
OIL-KOTHALONI-1,3570,49.62095896003751,0.36600000000000005,80.8,2.694,Kopili
OIL-KOTHALONI-1,3580,53.740903732386414,0.36400000000000005,80.6,2.6959999999999997,Kopili
OIL-KOTHALONI-1,3590,56.44396928162114,0.36200000000000004,80.4,2.698,Kopili
OIL-HAPJAN-1,2281,74.0624604199554,0.66,110.2,2.4,Barail
OIL-HAPJAN-1,2291,80.69432512924513,0.658,110.0,2.4019999999999997,Barail
OIL-HAPJAN-1,2301,86.77150109789062,0.656,109.8,2.404,Barail
OIL-HAPJAN-1,2311,90.09436802573502,0.654,109.60000000000001,2.4059999999999997,Barail
OIL-HAPJAN-1,2321,92.72500548514174,0.652,109.4,2.408,Barail
OIL-HAPJAN-1,2331,98.2958389842035,0.65,109.2,2.4099999999999997,Barail
OIL-HAPJAN-1,2341,97.45788692430507,0.648,109.0,2.412,Barail
OIL-HAPJAN-1,2351,100.31997269857533,0.646,108.8,2.4139999999999997,Barail
OIL-HAPJAN-1,2361,103.74754322770272,0.644,108.60000000000001,2.416,Barail
OIL-HAPJAN-1,2371,99.1271523238343,0.642,108.4,2.4179999999999997,Barail
OIL-HAPJAN-1,2381,97.94823607696935,0.64,108.2,2.42,Barail
OIL-HAPJAN-1,2391,95.61398611391645,0.638,108.0,2.4219999999999997,Barail
OIL-HAPJAN-1,2401,99.0710120456166,0.636,107.8,2.424,Barail
OIL-HAPJAN-1,2411,95.7788353037021,0.634,107.60000000000001,2.4259999999999997,Barail
OIL-HAPJAN-1,2421,85.80525858098972,0.632,107.4,2.428,Barail
OIL-HAPJAN-1,2431,84.77925160881313,0.63,107.2,2.4299999999999997,Barail
OIL-HAPJAN-1,2441,82.52224546123023,0.628,107.0,2.432,Barail
OIL-HAPJAN-1,2451,84.44374704250203,0.626,106.8,2.4339999999999997,Barail
OIL-HAPJAN-1,2461,81.82885442027514,0.624,106.60000000000001,2.436,Barail
OIL-HAPJAN-1,2471,85.98611755926588,0.622,106.4,2.4379999999999997,Barail
OIL-HAPJAN-1,2481,87.1417795767182,0.62,106.2,2.44,Barail
OIL-HAPJAN-1,2491,85.86213629661488,0.618,106.0,2.4419999999999997,Barail
OIL-HAPJAN-1,2501,86.5588837889884,0.616,105.8,2.444,Kopili
OIL-HAPJAN-1,2511,89.97812640932854,0.614,105.60000000000001,2.4459999999999997,Kopili
OIL-HAPJAN-1,2521,96.57604605340781,0.612,105.4,2.448,Kopili
OIL-HAPJAN-1,2531,98.09794084925358,0.61,105.2,2.4499999999999997,Kopili
OIL-HAPJAN-1,2541,103.29821342667834,0.608,105.0,2.452,Kopili
OIL-HAPJAN-1,2551,103.74768027445879,0.606,104.8,2.4539999999999997,Kopili
OIL-HAPJAN-1,2561,108.98873294041343,0.604,104.60000000000001,2.456,Kopili
OIL-HAPJAN-1,2571,106.41001746434328,0.602,104.4,2.4579999999999997,Kopili
OIL-HAPJAN-1,2581,113.28445845118804,0.6000000000000001,104.2,2.46,Kopili
OIL-HAPJAN-1,2591,114.49409245526745,0.5980000000000001,104.0,2.4619999999999997,Kopili
OIL-HAPJAN-1,2601,112.31404730980016,0.5960000000000001,103.8,2.464,Kopili
OIL-HAPJAN-1,2611,110.52956242551933,0.5940000000000001,103.60000000000001,2.4659999999999997,Kopili
OIL-HAPJAN-1,2621,110.42929551877182,0.5920000000000001,103.4,2.468,Kopili
OIL-HAPJAN-1,2631,103.91896414760704,0.5900000000000001,103.2,2.4699999999999998,Kopili
OIL-HAPJAN-1,2641,95.2818094818918,0.5880000000000001,103.0,2.472,Kopili
OIL-HAPJAN-1,2651,91.18651450664376,0.5860000000000001,102.8,2.4739999999999998,Kopili
OIL-HAPJAN-1,2661,87.4449137595519,0.5840000000000001,102.60000000000001,2.476,Kopili
OIL-HAPJAN-1,2671,80.33868710642534,0.5820000000000001,102.4,2.4779999999999998,Kopili
OIL-HAPJAN-1,2681,79.19009513901047,0.5800000000000001,102.2,2.48,Kopili
OIL-HAPJAN-1,2691,72.68076501162155,0.5780000000000001,102.0,2.4819999999999998,Kopili
OIL-HAPJAN-1,2701,71.97616120425273,0.5760000000000001,101.8,2.484,Kopili
OIL-HAPJAN-1,2711,67.97834108491256,0.5740000000000001,101.60000000000001,2.4859999999999998,Kopili
OIL-HAPJAN-1,2721,66.25685051513462,0.5720000000000001,101.4,2.488,Kopili
OIL-HAPJAN-1,2731,65.29388683165119,0.5700000000000001,101.2,2.4899999999999998,Kopili
OIL-HAPJAN-1,2741,64.25386369231467,0.5680000000000001,101.0,2.492,Kopili
OIL-HAPJAN-1,2751,64.7760246020835,0.5660000000000001,100.8,2.4939999999999998,Kopili
OIL-HAPJAN-1,2761,65.16630162354116,0.5640000000000001,100.6,2.496,Kopili
OIL-HAPJAN-1,2771,70.05994934394391,0.562,100.4,2.4979999999999998,Kopili
OIL-HAPJAN-1,2781,70.06484822252209,0.56,100.2,2.5,Kopili
OIL-HAPJAN-1,2791,71.7456043942948,0.558,100.0,2.502,Kopili
OIL-HAPJAN-1,2801,71.8958413057249,0.556,99.8,2.504,Kopili
OIL-HAPJAN-1,2811,70.94937487472494,0.554,99.6,2.506,Kopili
OIL-HAPJAN-1,2821,78.78264668339406,0.552,99.4,2.508,Kopili
OIL-HAPJAN-1,2831,77.4428972179467,0.55,99.2,2.51,Kopili
OIL-HAPJAN-1,2841,77.63454947672642,0.548,99.0,2.512,Kopili
OIL-HAPJAN-1,2851,75.60348971831377,0.546,98.8,2.514,Kopili
OIL-HAPJAN-1,2861,69.96848356166078,0.544,98.6,2.516,Kopili
OIL-HAPJAN-1,2871,70.87977203975728,0.542,98.4,2.518,Kopili
OIL-HAPJAN-1,2881,63.74725857080388,0.54,98.2,2.52,Kopili
OIL-HAPJAN-1,2891,62.366595484281966,0.538,98.0,2.522,Kopili
OIL-HAPJAN-1,2901,58.605317217110596,0.536,97.8,2.524,Kopili
OIL-HAPJAN-1,2911,51.96046912251662,0.534,97.6,2.526,Kopili
OIL-HAPJAN-1,2921,48.434521518615796,0.532,97.4,2.528,Kopili
OIL-HAPJAN-1,2931,46.62793642539273,0.53,97.2,2.53,Kopili
OIL-HAPJAN-1,2941,40.81800149904272,0.528,97.0,2.532,Kopili
OIL-HAPJAN-1,2951,36.33360613699907,0.526,96.8,2.534,Kopili
OIL-HAPJAN-1,2961,35.366582665788336,0.524,96.6,2.536,Kopili
OIL-HAPJAN-1,2971,37.29183896487188,0.522,96.4,2.538,Kopili
OIL-HAPJAN-1,2981,34.22710870010607,0.52,96.2,2.54,Kopili
OIL-HAPJAN-1,2991,38.93822301748324,0.518,96.0,2.542,Kopili
OIL-HAPJAN-1,3001,38.012238720562074,0.516,95.8,2.544,Kopili
OIL-HAPJAN-1,3011,39.295419963452325,0.514,95.6,2.546,Kopili
OIL-HAPJAN-1,3021,47.318390347314256,0.512,95.4,2.548,Kopili
OIL-HAPJAN-1,3031,49.2893826298105,0.51,95.2,2.55,Kopili
OIL-HAPJAN-1,3041,55.613575653775065,0.508,95.0,2.552,Kopili
OIL-HAPJAN-1,3051,58.907568419987626,0.506,94.8,2.554,Kopili
OIL-HAPJAN-1,3061,61.608994518785785,0.504,94.6,2.556,Kopili
OIL-HAPJAN-1,3071,65.32050085281256,0.502,94.4,2.558,Kopili
OIL-HAPJAN-1,3081,66.64810358123073,0.5,94.2,2.56,Kopili
OIL-HAPJAN-1,3091,70.23738899713969,0.498,94.0,2.562,Kopili
OIL-HAPJAN-1,3101,72.86973610560557,0.496,93.8,2.564,Kopili
OIL-HAPJAN-1,3111,72.13549511451765,0.494,93.6,2.566,Kopili
OIL-HAPJAN-1,3121,70.9868129434711,0.492,93.4,2.568,Kopili
OIL-HAPJAN-1,3131,72.76861456316402,0.49,93.2,2.57,Kopili
OIL-HAPJAN-1,3141,68.07892881616121,0.488,93.0,2.572,Kopili
OIL-HAPJAN-1,3151,71.41622648789604,0.486,92.8,2.574,Kopili
OIL-HAPJAN-1,3161,66.3009737429528,0.48400000000000004,92.6,2.576,Kopili
OIL-HAPJAN-1,3171,59.39221693525033,0.48200000000000004,92.4,2.578,Kopili
OIL-HAPJAN-1,3181,58.54438857240471,0.48000000000000004,92.2,2.58,Kopili
OIL-HAPJAN-1,3191,57.753114752444766,0.47800000000000004,92.0,2.582,Kopili
OIL-HAPJAN-1,3201,57.17505866414393,0.47600000000000003,91.8,2.584,Kopili
OIL-HAPJAN-1,3211,59.474510658516266,0.47400000000000003,91.6,2.586,Kopili
OIL-HAPJAN-1,3221,58.02607619309592,0.47200000000000003,91.4,2.588,Kopili
OIL-HAPJAN-1,3231,61.52600908653523,0.47000000000000003,91.2,2.59,Kopili
OIL-HAPJAN-1,3241,64.02710148164647,0.468,91.0,2.592,Kopili
OIL-HAPJAN-1,3251,66.8225445248255,0.466,90.8,2.594,Kopili
OIL-HAPJAN-1,3261,69.87617773283131,0.464,90.6,2.596,Kopili
OIL-HAPJAN-1,3271,78.86209892297363,0.462,90.4,2.598,Kopili
OIL-HAPJAN-1,3281,84.45469236976047,0.46,90.2,2.6,Kopili
OIL-HAPJAN-1,3291,83.40226683837166,0.458,90.0,2.602,Kopili
OIL-HAPJAN-1,3301,93.34590483314408,0.456,89.8,2.604,Kopili
OIL-HAPJAN-1,3311,97.21683878376537,0.454,89.6,2.606,Kopili
OIL-HAPJAN-1,3321,99.91880392352704,0.452,89.4,2.608,Kopili
OIL-HAPJAN-1,3331,103.65721834803207,0.45000000000000007,89.2,2.61,Kopili
OIL-HAPJAN-1,3341,103.14004414470078,0.44800000000000006,89.0,2.612,Kopili
OIL-HAPJAN-1,3351,104.95599990694693,0.44600000000000006,88.8,2.614,Kopili
OIL-HAPJAN-1,3361,109.87950102404457,0.44400000000000006,88.6,2.616,Kopili
OIL-HAPJAN-1,3371,108.32293886013676,0.44200000000000006,88.4,2.618,Kopili
OIL-HAPJAN-1,3381,104.36949056600291,0.44000000000000006,88.2,2.62,Kopili
OIL-HAPJAN-1,3391,105.8829559414471,0.43800000000000006,88.0,2.622,Kopili
OIL-HAPJAN-1,3401,102.80397900405166,0.43600000000000005,87.8,2.624,Kopili
OIL-HAPJAN-1,3411,99.65555196637733,0.43400000000000005,87.6,2.626,Kopili
OIL-HAPJAN-1,3421,95.09436889984293,0.43200000000000005,87.4,2.628,Kopili
OIL-HAPJAN-1,3431,89.42271347675229,0.43000000000000005,87.2,2.63,Kopili
OIL-HAPJAN-1,3441,90.14629140932273,0.42800000000000005,87.0,2.632,Kopili
OIL-HAPJAN-1,3451,88.17539525519554,0.42600000000000005,86.8,2.634,Kopili
OIL-HAPJAN-1,3461,84.67951151442097,0.42400000000000004,86.6,2.636,Kopili
OIL-HAPJAN-1,3471,83.84076658886481,0.42200000000000004,86.4,2.638,Kopili
OIL-HAPJAN-1,3481,83.67848008087452,0.42000000000000004,86.2,2.6399999999999997,Kopili
OIL-HAPJAN-1,3491,84.37109212114396,0.41800000000000004,86.0,2.642,Kopili
OIL-HAPJAN-1,3501,87.02357363098825,0.41600000000000004,85.8,2.644,Kopili
OIL-HAPJAN-1,3511,90.43094531134373,0.41400000000000003,85.6,2.646,Kopili
OIL-HAPJAN-1,3521,92.94317700694428,0.41200000000000003,85.4,2.6479999999999997,Kopili
OIL-HAPJAN-1,3531,95.66386065446088,0.41000000000000003,85.2,2.65,Kopili
OIL-HAPJAN-1,3541,99.35210154052713,0.40800000000000003,85.0,2.652,Kopili
OIL-HAPJAN-1,3551,98.32975703189727,0.406,84.8,2.654,Kopili
OIL-HAPJAN-1,3561,103.03396382512734,0.404,84.6,2.6559999999999997,Kopili
OIL-HAPJAN-1,3571,105.16399226331161,0.402,84.4,2.658,Kopili
OIL-HAPJAN-1,3581,105.1807507865424,0.4,84.2,2.66,Kopili
OIL-HAPJAN-1,3591,109.90446663510282,0.398,84.0,2.662,Kopili
OIL-HAPJAN-1,3601,106.11699179365739,0.396,83.8,2.6639999999999997,Kopili
OIL-HAPJAN-1,3611,103.42416265132559,0.394,83.6,2.666,Kopili
OIL-HAPJAN-1,3621,97.36844288276274,0.392,83.4,2.668,Kopili
OIL-HAPJAN-1,3631,92.54269803850471,0.39,83.2,2.67,Kopili
OIL-HAPJAN-1,3641,91.53470004201627,0.388,83.0,2.6719999999999997,Kopili
OIL-HAPJAN-1,3651,87.45710414532016,0.386,82.8,2.674,Kopili
OIL-HAPJAN-1,3661,79.73353206866871,0.384,82.6,2.676,Kopili
OIL-HAPJAN-1,3671,76.04597402243608,0.382,82.4,2.678,Kopili
OIL-HAPJAN-1,3681,68.06174345977777,0.38,82.2,2.6799999999999997,Kopili
OIL-HAPJAN-1,3691,63.258911907598936,0.378,82.0,2.682,Kopili
OIL-HAPJAN-1,3701,62.25300147322626,0.376,81.8,2.684,Kopili
OIL-HAPJAN-1,3711,56.8929439660606,0.374,81.6,2.686,Kopili
OIL-HAPJAN-1,3721,57.92484376825201,0.372,81.4,2.6879999999999997,Kopili
OIL-HAPJAN-1,3731,54.33425114991865,0.37000000000000005,81.2,2.69,Kopili
OIL-HAPJAN-1,3741,48.731419805833596,0.36800000000000005,81.0,2.6919999999999997,Kopili
OIL-HAPJAN-1,3751,55.74309890231309,0.36600000000000005,80.8,2.694,Kopili
OIL-HAPJAN-1,3761,57.508367435039,0.36400000000000005,80.6,2.6959999999999997,Kopili
OIL-HAPJAN-1,3771,56.11482051388577,0.36200000000000004,80.4,2.698,Kopili
OIL-SHALMARI-1,2456,77.51465708426603,0.66,110.2,2.4,Barail
OIL-SHALMARI-1,2466,80.00755607915795,0.658,110.0,2.4019999999999997,Barail
OIL-SHALMARI-1,2476,85.696079674427,0.656,109.8,2.404,Barail
OIL-SHALMARI-1,2486,88.5249988096448,0.654,109.60000000000001,2.4059999999999997,Barail
OIL-SHALMARI-1,2496,93.21326983549679,0.652,109.4,2.408,Barail
OIL-SHALMARI-1,2506,96.86956592973934,0.65,109.2,2.4099999999999997,Kopili
OIL-SHALMARI-1,2516,97.63476833548746,0.648,109.0,2.412,Kopili
OIL-SHALMARI-1,2526,101.35457552289506,0.646,108.8,2.4139999999999997,Kopili
OIL-SHALMARI-1,2536,106.4399544936659,0.644,108.60000000000001,2.416,Kopili
OIL-SHALMARI-1,2546,99.66121154963089,0.642,108.4,2.4179999999999997,Kopili
OIL-SHALMARI-1,2556,98.4092019046659,0.64,108.2,2.42,Kopili
OIL-SHALMARI-1,2566,98.85570166947204,0.638,108.0,2.4219999999999997,Kopili
OIL-SHALMARI-1,2576,98.25484036919373,0.636,107.8,2.424,Kopili
OIL-SHALMARI-1,2586,87.90392105345029,0.634,107.60000000000001,2.4259999999999997,Kopili
OIL-SHALMARI-1,2596,91.71378649965695,0.632,107.4,2.428,Kopili
OIL-SHALMARI-1,2606,83.56639923079814,0.63,107.2,2.4299999999999997,Kopili
OIL-SHALMARI-1,2616,83.41393302067321,0.628,107.0,2.432,Kopili
OIL-SHALMARI-1,2626,81.0022419704713,0.626,106.8,2.4339999999999997,Kopili
OIL-SHALMARI-1,2636,83.13028246212718,0.624,106.60000000000001,2.436,Kopili
OIL-SHALMARI-1,2646,84.45293949642803,0.622,106.4,2.4379999999999997,Kopili
OIL-SHALMARI-1,2656,82.49564625478493,0.62,106.2,2.44,Kopili
OIL-SHALMARI-1,2666,86.0962238857459,0.618,106.0,2.4419999999999997,Kopili
OIL-SHALMARI-1,2676,86.79661074664023,0.616,105.8,2.444,Kopili
OIL-SHALMARI-1,2686,93.34961998169236,0.614,105.60000000000001,2.4459999999999997,Kopili
OIL-SHALMARI-1,2696,94.49116368846946,0.612,105.4,2.448,Kopili
OIL-SHALMARI-1,2706,95.70097100486274,0.61,105.2,2.4499999999999997,Kopili
OIL-SHALMARI-1,2716,102.21772781814288,0.608,105.0,2.452,Kopili
OIL-SHALMARI-1,2726,105.83093820132895,0.606,104.8,2.4539999999999997,Kopili
OIL-SHALMARI-1,2736,106.92817792237945,0.604,104.60000000000001,2.456,Kopili
OIL-SHALMARI-1,2746,111.61325750643519,0.602,104.4,2.4579999999999997,Kopili
OIL-SHALMARI-1,2756,114.24999937830853,0.6000000000000001,104.2,2.46,Kopili
OIL-SHALMARI-1,2766,115.90436778139353,0.5980000000000001,104.0,2.4619999999999997,Kopili
OIL-SHALMARI-1,2776,113.10497727296988,0.5960000000000001,103.8,2.464,Kopili
OIL-SHALMARI-1,2786,106.2318966821227,0.5940000000000001,103.60000000000001,2.4659999999999997,Kopili
OIL-SHALMARI-1,2796,105.65017273345964,0.5920000000000001,103.4,2.468,Kopili
OIL-SHALMARI-1,2806,103.67620801181708,0.5900000000000001,103.2,2.4699999999999998,Kopili
OIL-SHALMARI-1,2816,97.90613357527201,0.5880000000000001,103.0,2.472,Kopili
OIL-SHALMARI-1,2826,93.17862202497429,0.5860000000000001,102.8,2.4739999999999998,Kopili
OIL-SHALMARI-1,2836,91.45804034717807,0.5840000000000001,102.60000000000001,2.476,Kopili
OIL-SHALMARI-1,2846,78.9879662789744,0.5820000000000001,102.4,2.4779999999999998,Kopili
OIL-SHALMARI-1,2856,79.04533649177907,0.5800000000000001,102.2,2.48,Kopili
OIL-SHALMARI-1,2866,73.7291740701823,0.5780000000000001,102.0,2.4819999999999998,Kopili
OIL-SHALMARI-1,2876,68.37543492795608,0.5760000000000001,101.8,2.484,Kopili
OIL-SHALMARI-1,2886,64.57637449450459,0.5740000000000001,101.60000000000001,2.4859999999999998,Kopili
OIL-SHALMARI-1,2896,64.37963466601606,0.5720000000000001,101.4,2.488,Kopili
OIL-SHALMARI-1,2906,62.20140440265202,0.5700000000000001,101.2,2.4899999999999998,Kopili
OIL-SHALMARI-1,2916,65.40213688107323,0.5680000000000001,101.0,2.492,Kopili
OIL-SHALMARI-1,2926,65.501081283723,0.5660000000000001,100.8,2.4939999999999998,Kopili
OIL-SHALMARI-1,2936,62.7946481896084,0.5640000000000001,100.6,2.496,Kopili
OIL-SHALMARI-1,2946,69.31072764191008,0.562,100.4,2.4979999999999998,Kopili
OIL-SHALMARI-1,2956,71.17400982924534,0.56,100.2,2.5,Kopili
OIL-SHALMARI-1,2966,68.412078534856,0.558,100.0,2.502,Kopili
OIL-SHALMARI-1,2976,75.24508603356993,0.556,99.8,2.504,Kopili
OIL-SHALMARI-1,2986,75.62936408732223,0.554,99.6,2.506,Kopili
OIL-SHALMARI-1,2996,74.50314344875454,0.552,99.4,2.508,Kopili
OIL-SHALMARI-1,3006,81.89607441841206,0.55,99.2,2.51,Kopili
OIL-SHALMARI-1,3016,76.49112609849375,0.548,99.0,2.512,Kopili
OIL-SHALMARI-1,3026,71.79686809960756,0.546,98.8,2.514,Kopili
OIL-SHALMARI-1,3036,77.9060431587769,0.544,98.6,2.516,Kopili
OIL-SHALMARI-1,3046,69.10543351599125,0.542,98.4,2.518,Kopili
OIL-SHALMARI-1,3056,62.04767548606371,0.54,98.2,2.52,Kopili
OIL-SHALMARI-1,3066,61.03723408124994,0.538,98.0,2.522,Kopili
OIL-SHALMARI-1,3076,57.13872578137665,0.536,97.8,2.524,Kopili
OIL-SHALMARI-1,3086,55.09303130089629,0.534,97.6,2.526,Kopili
OIL-SHALMARI-1,3096,50.75070988558717,0.532,97.4,2.528,Kopili
OIL-SHALMARI-1,3106,45.168295763365826,0.53,97.2,2.53,Kopili
OIL-SHALMARI-1,3116,40.573302639563835,0.528,97.0,2.532,Kopili
OIL-SHALMARI-1,3126,40.49291620875213,0.526,96.8,2.534,Kopili
OIL-SHALMARI-1,3136,34.152016537670825,0.524,96.6,2.536,Kopili
OIL-SHALMARI-1,3146,35.867188662301956,0.522,96.4,2.538,Kopili
OIL-SHALMARI-1,3156,34.42309128413673,0.52,96.2,2.54,Kopili
OIL-SHALMARI-1,3166,38.446417715407605,0.518,96.0,2.542,Kopili
OIL-SHALMARI-1,3176,38.38338561718989,0.516,95.8,2.544,Kopili
OIL-SHALMARI-1,3186,41.10750076578676,0.514,95.6,2.546,Kopili
OIL-SHALMARI-1,3196,44.96394801824247,0.512,95.4,2.548,Kopili
OIL-SHALMARI-1,3206,51.672544633225684,0.51,95.2,2.55,Kopili
OIL-SHALMARI-1,3216,52.191523502612746,0.508,95.0,2.552,Kopili
OIL-SHALMARI-1,3226,54.543157573096025,0.506,94.8,2.554,Kopili
OIL-SHALMARI-1,3236,62.46418994358394,0.504,94.6,2.556,Kopili
OIL-SHALMARI-1,3246,66.66513109908341,0.502,94.4,2.558,Kopili
OIL-SHALMARI-1,3256,71.78298748008596,0.5,94.2,2.56,Kopili
OIL-SHALMARI-1,3266,69.77697806403351,0.498,94.0,2.562,Kopili
OIL-SHALMARI-1,3276,71.00154254424035,0.496,93.8,2.564,Kopili
OIL-SHALMARI-1,3286,70.17415480794939,0.494,93.6,2.566,Kopili
OIL-SHALMARI-1,3296,73.49963479789284,0.492,93.4,2.568,Kopili
OIL-SHALMARI-1,3306,68.24694906380388,0.49,93.2,2.57,Kopili
OIL-SHALMARI-1,3316,67.65900494631765,0.488,93.0,2.572,Kopili
OIL-SHALMARI-1,3326,65.98625641522716,0.486,92.8,2.574,Kopili
OIL-SHALMARI-1,3336,64.51412585692002,0.48400000000000004,92.6,2.576,Kopili
OIL-SHALMARI-1,3346,57.047644239896385,0.48200000000000004,92.4,2.578,Kopili
OIL-SHALMARI-1,3356,61.60346980764089,0.48000000000000004,92.2,2.58,Kopili
OIL-SHALMARI-1,3366,58.29769815991676,0.47800000000000004,92.0,2.582,Kopili
OIL-SHALMARI-1,3376,57.02182144558306,0.47600000000000003,91.8,2.584,Kopili
OIL-SHALMARI-1,3386,58.79732094058305,0.47400000000000003,91.6,2.586,Kopili
OIL-SHALMARI-1,3396,59.497382351274375,0.47200000000000003,91.4,2.588,Kopili
OIL-SHALMARI-1,3406,62.49947501468374,0.47000000000000003,91.2,2.59,Kopili
OIL-SHALMARI-1,3416,61.67974124896973,0.468,91.0,2.592,Kopili
OIL-SHALMARI-1,3426,68.02501325822719,0.466,90.8,2.594,Kopili
OIL-SHALMARI-1,3436,73.19684882891778,0.464,90.6,2.596,Kopili
OIL-SHALMARI-1,3446,74.92924045005465,0.462,90.4,2.598,Kopili
OIL-SHALMARI-1,3456,83.70943726816351,0.46,90.2,2.6,Kopili
OIL-SHALMARI-1,3466,90.85928174151331,0.458,90.0,2.602,Kopili
OIL-SHALMARI-1,3476,94.33680209742079,0.456,89.8,2.604,Kopili
OIL-SHALMARI-1,3486,97.2882739420213,0.454,89.6,2.606,Kopili
OIL-SHALMARI-1,3496,97.90533422449131,0.452,89.4,2.608,Kopili
OIL-SHALMARI-1,3506,105.34425148061938,0.45000000000000007,89.2,2.61,Kopili
OIL-SHALMARI-1,3516,108.73743695454688,0.44800000000000006,89.0,2.612,Kopili
OIL-SHALMARI-1,3526,107.87855612822129,0.44600000000000006,88.8,2.614,Kopili
OIL-SHALMARI-1,3536,111.7165243447191,0.44400000000000006,88.6,2.616,Kopili
OIL-SHALMARI-1,3546,109.71154819396014,0.44200000000000006,88.4,2.618,Kopili
OIL-SHALMARI-1,3556,108.92214194319976,0.44000000000000006,88.2,2.62,Kopili
OIL-SHALMARI-1,3566,105.33718973027048,0.43800000000000006,88.0,2.622,Kopili
OIL-SHALMARI-1,3576,102.98591557026347,0.43600000000000005,87.8,2.624,Kopili
OIL-SHALMARI-1,3586,100.98889588179948,0.43400000000000005,87.6,2.626,Kopili
OIL-SHALMARI-1,3596,96.44141682828646,0.43200000000000005,87.4,2.628,Kopili
OIL-SHALMARI-1,3606,94.69805550067181,0.43000000000000005,87.2,2.63,Kopili
OIL-SHALMARI-1,3616,89.60045203969901,0.42800000000000005,87.0,2.632,Kopili
OIL-SHALMARI-1,3626,88.05319499588103,0.42600000000000005,86.8,2.634,Kopili
OIL-SHALMARI-1,3636,87.25045513299214,0.42400000000000004,86.6,2.636,Kopili
OIL-SHALMARI-1,3646,85.07246558741568,0.42200000000000004,86.4,2.638,Kopili
OIL-SHALMARI-1,3656,85.95512894944268,0.42000000000000004,86.2,2.6399999999999997,Kopili
OIL-SHALMARI-1,3666,84.9087951357771,0.41800000000000004,86.0,2.642,Kopili
OIL-SHALMARI-1,3676,89.20858924972347,0.41600000000000004,85.8,2.644,Kopili
OIL-SHALMARI-1,3686,87.9109062752198,0.41400000000000003,85.6,2.646,Kopili
OIL-SHALMARI-1,3696,91.65408616026997,0.41200000000000003,85.4,2.6479999999999997,Kopili
OIL-SHALMARI-1,3706,90.23940493828333,0.41000000000000003,85.2,2.65,Kopili
OIL-SHALMARI-1,3716,98.83828821567869,0.40800000000000003,85.0,2.652,Kopili
OIL-SHALMARI-1,3726,101.06496191418252,0.406,84.8,2.654,Kopili
OIL-SHALMARI-1,3736,102.85560542817814,0.404,84.6,2.6559999999999997,Kopili
OIL-SHALMARI-1,3746,102.05439548699883,0.402,84.4,2.658,Kopili
OIL-SHALMARI-1,3756,107.43185196652273,0.4,84.2,2.66,Kopili
OIL-SHALMARI-1,3766,102.69305522783044,0.398,84.0,2.662,Kopili
OIL-SHALMARI-1,3776,108.03480950314103,0.396,83.8,2.6639999999999997,Kopili
OIL-SHALMARI-1,3786,101.93135445328274,0.394,83.6,2.666,Kopili
OIL-SHALMARI-1,3796,103.57257478047588,0.392,83.4,2.668,Kopili
OIL-SHALMARI-1,3806,95.51370570467832,0.39,83.2,2.67,Kopili
OIL-SHALMARI-1,3816,90.51923809011424,0.388,83.0,2.6719999999999997,Kopili
OIL-SHALMARI-1,3826,89.58647927954563,0.386,82.8,2.674,Kopili
OIL-SHALMARI-1,3836,82.30903995686405,0.384,82.6,2.676,Kopili
OIL-SHALMARI-1,3846,73.88423497874197,0.382,82.4,2.678,Kopili
OIL-SHALMARI-1,3856,72.51839616036392,0.38,82.2,2.6799999999999997,Kopili
OIL-SHALMARI-1,3866,65.45848882243354,0.378,82.0,2.682,Kopili
OIL-SHALMARI-1,3876,63.24551675575809,0.376,81.8,2.684,Kopili
OIL-SHALMARI-1,3886,57.74278937388854,0.374,81.6,2.686,Kopili
OIL-SHALMARI-1,3896,56.64390672375377,0.372,81.4,2.6879999999999997,Kopili
OIL-SHALMARI-1,3906,56.48691089529952,0.37000000000000005,81.2,2.69,Kopili
OIL-SHALMARI-1,3916,52.18811793890289,0.36800000000000005,81.0,2.6919999999999997,Kopili
OIL-SHALMARI-1,3926,51.49596575776677,0.36600000000000005,80.8,2.694,Kopili
OIL-SHALMARI-1,3936,55.034999957766026,0.36400000000000005,80.6,2.6959999999999997,Kopili
OIL-SHALMARI-1,3946,56.15683776154609,0.36200000000000004,80.4,2.698,Kopili
